M0
M17
G28 F50
G0 X0 Z42.35 F5
M226
G0 X0.0 Z43.743700000000004 C0
G0 X0.0 Z49.3185 C1
G0 X0.0 Z44.5039 C2
G0 X0.0 Z46.84785 C3
G0 X0.0 Z45.2641 C4
G0 X0.0 Z46.024300000000004 C5
G0 X0.0 Z43.17355 C6
G0 X0.0 Z47.734750000000005 C7
G0 X0.0 Z43.9971 C8
G0 X0.0 Z43.1102 C9
G0 X0.0 Z47.924800000000005 C10
G0 X0.0 Z44.06045 C11
G0 X0.0 Z45.58085 C12
G0 X0.0 Z45.1374 C13
G0 X0.0 Z48.685 C14
G0 X0.0 Z44.6306 C15
G0 X0.0 Z43.93375 C16
G0 X0.0 Z47.861450000000005 C17
G0 X0.0 Z50.5855 C18
G0 X0.0 Z45.6442 C19
G0 X0.0 Z47.35465 C20
G0 X0.0 Z44.1238 C21
G0 X0.0 Z48.49495 C22
G0 X0.0 Z47.988150000000005 C23
G0 X0.0 Z46.087650000000004 C24
G0 X0.0 Z42.9835 C25
G0 X0.0 Z49.25515 C26
G0 X0.0 Z47.22795 C27
G0 X0.0 Z44.31385 C28
G0 X0.0 Z50.395450000000004 C29
G0 X0.0 Z49.0651 C30
G0 X0.0 Z42.6034 C31
G0 X0.0 Z45.20075 C32
G0 X0.0 Z45.897600000000004 C33
G0 X0.0 Z46.97455 C34
G0 X0.0 Z46.21435 C35
G0 X0.0 Z44.56725 C36
G0 X0.0 Z46.7845 C37
G0 X0.0 Z43.553650000000005 C38
G0 X0.0 Z49.50855 C39
G0 X0.0 Z48.241550000000004 C40
G0 X0.0 Z46.5311 C41
G0 X0.0 Z49.952 C42
G0 X0.0 Z43.807050000000004 C43
G0 X0.0 Z48.8117 C44
G0 X0.0 Z45.770900000000005 C45
G0 X0.0 Z48.62165 C46
G0 X0.0 Z44.94735 C47
G0 X0.0 Z44.82065 C48
G0 X0.0 Z45.5175 C49
G0 X0.0 Z49.00175 C50
G0 X0.0 Z46.6578 C51
G0 X0.0 Z44.7573 C52
G0 X0.0 Z49.4452 C53
G0 X0.0 Z45.707550000000005 C54
G0 X0.0 Z45.32745 C55
G0 X0.0 Z43.04685 C56
G0 X0.0 Z50.458800000000004 C57
G0 X0.0 Z49.8253 C58
G0 X0.0 Z47.5447 C59
G0 X0.0 Z47.10125 C60
G0 X0.0 Z48.87505 C61
G0 X0.0 Z43.870400000000004 C62
G0 X0.0 Z47.2913 C63
G0 X0.0 Z43.426950000000005 C64
G0 X0.0 Z46.59445 C65
G0 X0.0 Z42.92015 C66
G0 X0.0 Z48.74835 C67
G0 X0.0 Z48.5583 C68
G0 X0.0 Z47.418 C69
G0 X0.0 Z50.332100000000004 C70
G0 X0.0 Z42.7301 C71
G0 X0.0 Z42.41335 C72
G0 X0.0 Z45.960950000000004 C73
G0 X0.0 Z48.4316 C74
G0 X0.0 Z44.884 C75
G0 X0.0 Z49.1918 C76
G0 X0.0 Z46.151 C77
G0 X0.0 Z50.142050000000005 C78
G0 X0.0 Z48.114850000000004 C79
G0 X0.0 Z49.76195 C80
G0 X0.0 Z48.3049 C81
G0 X0.0 Z42.4767 C82
G0 X0.0 Z50.268750000000004 C83
G0 X0.0 Z48.178200000000004 C84
G0 X0.0 Z49.6986 C85
G0 X0.0 Z46.4044 C86
G0 X0.0 Z49.63525 C87
G0 X0.0 Z50.52215 C88
G0 X0.0 Z45.07405 C89
G0 X0.0 Z44.44055 C90
G0 X0.0 Z42.79345 C91
G0 X0.0 Z49.38185 C92
G0 X0.0 Z45.3908 C93
G0 X0.0 Z50.01535 C94
G0 X0.0 Z45.0107 C95
G0 X0.0 Z48.36825 C96
G0 X0.0 Z43.30025 C97
G0 X0.0 Z47.1646 C98
G0 X0.0 Z47.0379 C99
G0 X0.0 Z46.46775 C100
G0 X0.0 Z48.051500000000004 C101
G0 X0.0 Z42.35 C102
G0 X0.0 Z46.9112 C103
G0 X0.0 Z48.9384 C104
G0 X0.0 Z47.798100000000005 C105
G0 X0.0 Z46.34105 C106
G0 X0.0 Z44.69395 C107
G0 X0.0 Z42.54005 C108
G0 X0.0 Z47.48135 C109
G0 X0.0 Z44.18715 C110
G0 X0.0 Z45.834250000000004 C111
G0 X0.0 Z50.205400000000004 C112
G0 X0.0 Z47.60805 C113
G0 X0.0 Z43.490300000000005 C114
G0 X0.0 Z44.3772 C115
G0 X0.0 Z42.8568 C116
G0 X0.0 Z45.45415 C117
G0 X0.0 Z43.617000000000004 C118
G0 X0.0 Z50.078700000000005 C119
G0 X0.0 Z46.72115 C120
G0 X0.0 Z46.2777 C121
G0 X0.0 Z43.2369 C122
G0 X0.0 Z49.88865 C123
G0 X0.0 Z47.671400000000006 C124
G0 X0.0 Z49.5719 C125
G0 X0.0 Z42.66675 C126
G0 X0.0 Z49.12845 C127
G0 X0.0 Z44.2505 C128
G0 X0.0 Z43.680350000000004 C129
G0 X0.0 Z43.3636 C130
G0 X0.06335 Z50.52215 C1
G0 X0.06335 Z44.44055 C2
G0 X0.06335 Z48.74835 C3
G0 X0.06335 Z49.88865 C4
G0 X0.06335 Z44.3772 C5
G0 X0.06335 Z50.5855 C6
G0 X0.06335 Z42.79345 C7
G0 X0.06335 Z47.10125 C8
G0 X0.06335 Z42.41335 C9
G0 X0.06335 Z45.0107 C10
G0 X0.06335 Z44.5039 C11
G0 X0.06335 Z47.2913 C12
G0 X0.06335 Z43.553650000000005 C13
G0 X0.06335 Z45.07405 C14
G0 X0.06335 Z43.870400000000004 C15
G0 X0.06335 Z46.6578 C16
G0 X0.06335 Z49.6986 C17
G0 X0.06335 Z44.69395 C18
G0 X0.06335 Z44.6306 C19
G0 X0.06335 Z43.807050000000004 C20
G0 X0.06335 Z47.5447 C21
G0 X0.06335 Z46.087650000000004 C22
G0 X0.06335 Z44.82065 C23
G0 X0.06335 Z48.051500000000004 C24
G0 X0.06335 Z42.7301 C25
G0 X0.06335 Z49.1918 C26
G0 X0.06335 Z45.1374 C27
G0 X0.06335 Z42.8568 C28
G0 X0.06335 Z45.5175 C29
G0 X0.06335 Z43.9971 C30
G0 X0.06335 Z46.72115 C31
G0 X0.06335 Z47.418 C32
G0 X0.06335 Z47.0379 C33
G0 X0.06335 Z45.32745 C34
G0 X0.06335 Z49.50855 C35
G0 X0.06335 Z47.60805 C36
G0 X0.06335 Z44.7573 C37
G0 X0.06335 Z49.952 C38
G0 X0.06335 Z45.58085 C39
G0 X0.06335 Z48.8117 C40
G0 X0.06335 Z46.9112 C41
G0 X0.06335 Z43.617000000000004 C42
G0 X0.06335 Z48.49495 C43
G0 X0.06335 Z44.2505 C44
G0 X0.06335 Z50.458800000000004 C45
G0 X0.06335 Z42.35 C46
G0 X0.06335 Z49.0651 C47
G0 X0.06335 Z43.3636 C48
G0 X0.06335 Z48.36825 C49
G0 X0.06335 Z46.4044 C50
G0 X0.06335 Z47.1646 C51
G0 X0.06335 Z44.884 C52
G0 X0.06335 Z47.798100000000005 C53
G0 X0.06335 Z43.17355 C54
G0 X0.06335 Z43.30025 C55
G0 X0.06335 Z46.84785 C56
G0 X0.06335 Z43.680350000000004 C57
G0 X0.06335 Z43.93375 C58
G0 X0.06335 Z49.25515 C59
G0 X0.06335 Z46.21435 C60
G0 X0.06335 Z48.5583 C61
G0 X0.06335 Z49.5719 C62
G0 X0.06335 Z44.06045 C63
G0 X0.06335 Z47.22795 C64
G0 X0.06335 Z49.00175 C65
G0 X0.06335 Z46.024300000000004 C66
G0 X0.06335 Z50.142050000000005 C67
G0 X0.06335 Z47.35465 C68
G0 X0.06335 Z44.94735 C69
G0 X0.06335 Z45.6442 C70
G0 X0.06335 Z49.4452 C71
G0 X0.06335 Z49.63525 C72
G0 X0.06335 Z42.66675 C73
G0 X0.06335 Z46.2777 C74
G0 X0.06335 Z48.241550000000004 C75
G0 X0.06335 Z48.178200000000004 C76
G0 X0.06335 Z43.426950000000005 C77
G0 X0.06335 Z46.46775 C78
G0 X0.06335 Z48.114850000000004 C79
G0 X0.06335 Z45.897600000000004 C80
G0 X0.06335 Z45.770900000000005 C81
G0 X0.06335 Z42.4767 C82
G0 X0.06335 Z49.76195 C83
G0 X0.06335 Z48.87505 C84
G0 X0.06335 Z46.151 C85
G0 X0.06335 Z48.685 C86
G0 X0.06335 Z45.45415 C87
G0 X0.06335 Z48.4316 C88
G0 X0.06335 Z50.078700000000005 C89
G0 X0.06335 Z48.3049 C90
G0 X0.06335 Z43.743700000000004 C91
G0 X0.06335 Z45.3908 C92
G0 X0.06335 Z45.834250000000004 C93
G0 X0.06335 Z50.395450000000004 C94
G0 X0.06335 Z45.960950000000004 C95
G0 X0.06335 Z43.2369 C96
G0 X0.06335 Z50.205400000000004 C97
G0 X0.06335 Z44.31385 C98
G0 X0.06335 Z50.332100000000004 C99
G0 X0.06335 Z42.54005 C100
G0 X0.06335 Z49.8253 C101
G0 X0.06335 Z46.7845 C102
G0 X0.06335 Z44.18715 C103
G0 X0.06335 Z47.988150000000005 C104
G0 X0.06335 Z49.38185 C105
G0 X0.06335 Z47.924800000000005 C106
G0 X0.06335 Z46.5311 C107
G0 X0.06335 Z44.1238 C108
G0 X0.06335 Z48.62165 C109
G0 X0.06335 Z50.268750000000004 C110
G0 X0.06335 Z49.12845 C111
G0 X0.06335 Z45.20075 C112
G0 X0.06335 Z42.92015 C113
G0 X0.06335 Z47.861450000000005 C114
G0 X0.06335 Z46.97455 C115
G0 X0.06335 Z43.490300000000005 C116
G0 X0.06335 Z43.1102 C117
G0 X0.06335 Z43.04685 C118
G0 X0.06335 Z46.34105 C119
G0 X0.06335 Z42.6034 C120
G0 X0.06335 Z50.01535 C121
G0 X0.06335 Z45.707550000000005 C122
G0 X0.06335 Z45.2641 C123
G0 X0.06335 Z48.9384 C124
G0 X0.06335 Z42.9835 C125
G0 X0.06335 Z46.59445 C126
G0 X0.06335 Z44.56725 C127
G0 X0.06335 Z49.3185 C128
G0 X0.06335 Z47.48135 C129
G0 X0.06335 Z47.734750000000005 C130
G0 X0.06335 Z47.671400000000006 C131
G0 X0.1267 Z45.834250000000004 C2
G0 X0.1267 Z48.685 C3
G0 X0.1267 Z48.74835 C4
G0 X0.1267 Z49.3185 C5
G0 X0.1267 Z46.72115 C6
G0 X0.1267 Z49.12845 C7
G0 X0.1267 Z43.617000000000004 C8
G0 X0.1267 Z46.9112 C9
G0 X0.1267 Z42.79345 C10
G0 X0.1267 Z47.10125 C11
G0 X0.1267 Z48.49495 C12
G0 X0.1267 Z44.31385 C13
G0 X0.1267 Z48.36825 C14
G0 X0.1267 Z48.4316 C15
G0 X0.1267 Z49.38185 C16
G0 X0.1267 Z49.50855 C17
G0 X0.1267 Z46.34105 C18
G0 X0.1267 Z42.66675 C19
G0 X0.1267 Z50.142050000000005 C20
G0 X0.1267 Z49.00175 C21
G0 X0.1267 Z48.051500000000004 C22
G0 X0.1267 Z45.20075 C23
G0 X0.1267 Z43.553650000000005 C24
G0 X0.1267 Z49.4452 C25
G0 X0.1267 Z44.884 C26
G0 X0.1267 Z49.6986 C27
G0 X0.1267 Z46.84785 C28
G0 X0.1267 Z47.1646 C29
G0 X0.1267 Z45.07405 C30
G0 X0.1267 Z49.88865 C31
G0 X0.1267 Z46.97455 C32
G0 X0.1267 Z48.3049 C33
G0 X0.1267 Z48.241550000000004 C34
G0 X0.1267 Z49.5719 C35
G0 X0.1267 Z48.8117 C36
G0 X0.1267 Z45.770900000000005 C37
G0 X0.1267 Z44.5039 C38
G0 X0.1267 Z44.1238 C39
G0 X0.1267 Z47.671400000000006 C40
G0 X0.1267 Z46.2777 C41
G0 X0.1267 Z42.54005 C42
G0 X0.1267 Z43.04685 C43
G0 X0.1267 Z42.92015 C44
G0 X0.1267 Z46.151 C45
G0 X0.1267 Z46.087650000000004 C46
G0 X0.1267 Z47.418 C47
G0 X0.1267 Z43.743700000000004 C48
G0 X0.1267 Z47.5447 C49
G0 X0.1267 Z45.58085 C50
G0 X0.1267 Z49.952 C51
G0 X0.1267 Z50.268750000000004 C52
G0 X0.1267 Z47.798100000000005 C53
G0 X0.1267 Z43.93375 C54
G0 X0.1267 Z47.35465 C55
G0 X0.1267 Z43.2369 C56
G0 X0.1267 Z44.94735 C57
G0 X0.1267 Z50.5855 C58
G0 X0.1267 Z48.9384 C59
G0 X0.1267 Z45.6442 C60
G0 X0.1267 Z50.52215 C61
G0 X0.1267 Z47.924800000000005 C62
G0 X0.1267 Z43.426950000000005 C63
G0 X0.1267 Z49.1918 C64
G0 X0.1267 Z49.25515 C65
G0 X0.1267 Z45.2641 C66
G0 X0.1267 Z48.114850000000004 C67
G0 X0.1267 Z46.5311 C68
G0 X0.1267 Z44.56725 C69
G0 X0.1267 Z49.0651 C70
G0 X0.1267 Z43.1102 C71
G0 X0.1267 Z45.0107 C72
G0 X0.1267 Z46.024300000000004 C73
G0 X0.1267 Z47.22795 C74
G0 X0.1267 Z50.332100000000004 C75
G0 X0.1267 Z50.205400000000004 C76
G0 X0.1267 Z46.21435 C77
G0 X0.1267 Z43.490300000000005 C78
G0 X0.1267 Z43.17355 C79
G0 X0.1267 Z46.6578 C80
G0 X0.1267 Z42.8568 C81
G0 X0.1267 Z46.7845 C82
G0 X0.1267 Z45.3908 C83
G0 X0.1267 Z42.35 C84
G0 X0.1267 Z45.5175 C85
G0 X0.1267 Z44.44055 C86
G0 X0.1267 Z48.5583 C87
G0 X0.1267 Z48.87505 C88
G0 X0.1267 Z43.807050000000004 C89
G0 X0.1267 Z44.82065 C90
G0 X0.1267 Z47.734750000000005 C91
G0 X0.1267 Z42.7301 C92
G0 X0.1267 Z50.078700000000005 C93
G0 X0.1267 Z43.3636 C94
G0 X0.1267 Z50.395450000000004 C95
G0 X0.1267 Z45.32745 C96
G0 X0.1267 Z48.62165 C97
G0 X0.1267 Z42.41335 C98
G0 X0.1267 Z46.4044 C99
G0 X0.1267 Z47.2913 C100
G0 X0.1267 Z46.59445 C101
G0 X0.1267 Z44.3772 C102
G0 X0.1267 Z49.76195 C103
G0 X0.1267 Z45.707550000000005 C104
G0 X0.1267 Z50.458800000000004 C105
G0 X0.1267 Z42.6034 C106
G0 X0.1267 Z43.870400000000004 C107
G0 X0.1267 Z47.60805 C108
G0 X0.1267 Z42.4767 C109
G0 X0.1267 Z45.45415 C110
G0 X0.1267 Z47.0379 C111
G0 X0.1267 Z45.1374 C112
G0 X0.1267 Z44.6306 C113
G0 X0.1267 Z49.8253 C114
G0 X0.1267 Z44.7573 C115
G0 X0.1267 Z43.9971 C116
G0 X0.1267 Z46.46775 C117
G0 X0.1267 Z45.960950000000004 C118
G0 X0.1267 Z50.01535 C119
G0 X0.1267 Z43.30025 C120
G0 X0.1267 Z48.178200000000004 C121
G0 X0.1267 Z47.988150000000005 C122
G0 X0.1267 Z47.861450000000005 C123
G0 X0.1267 Z44.18715 C124
G0 X0.1267 Z44.2505 C125
G0 X0.1267 Z47.48135 C126
G0 X0.1267 Z44.06045 C127
G0 X0.1267 Z45.897600000000004 C128
G0 X0.1267 Z43.680350000000004 C129
G0 X0.1267 Z42.9835 C130
G0 X0.1267 Z44.69395 C131
G0 X0.1267 Z49.63525 C132
G0 X0.19005 Z50.458800000000004 C3
G0 X0.19005 Z50.078700000000005 C4
G0 X0.19005 Z43.426950000000005 C5
G0 X0.19005 Z46.84785 C6
G0 X0.19005 Z48.241550000000004 C7
G0 X0.19005 Z47.988150000000005 C8
G0 X0.19005 Z46.59445 C9
G0 X0.19005 Z46.024300000000004 C10
G0 X0.19005 Z42.9835 C11
G0 X0.19005 Z46.151 C12
G0 X0.19005 Z47.22795 C13
G0 X0.19005 Z43.93375 C14
G0 X0.19005 Z47.798100000000005 C15
G0 X0.19005 Z43.617000000000004 C16
G0 X0.19005 Z48.178200000000004 C17
G0 X0.19005 Z43.17355 C18
G0 X0.19005 Z43.553650000000005 C19
G0 X0.19005 Z45.0107 C20
G0 X0.19005 Z48.051500000000004 C21
G0 X0.19005 Z44.7573 C22
G0 X0.19005 Z43.04685 C23
G0 X0.19005 Z49.50855 C24
G0 X0.19005 Z46.087650000000004 C25
G0 X0.19005 Z49.00175 C26
G0 X0.19005 Z42.41335 C27
G0 X0.19005 Z49.38185 C28
G0 X0.19005 Z44.2505 C29
G0 X0.19005 Z46.5311 C30
G0 X0.19005 Z43.743700000000004 C31
G0 X0.19005 Z45.20075 C32
G0 X0.19005 Z43.680350000000004 C33
G0 X0.19005 Z44.884 C34
G0 X0.19005 Z46.6578 C35
G0 X0.19005 Z46.9112 C36
G0 X0.19005 Z48.62165 C37
G0 X0.19005 Z49.4452 C38
G0 X0.19005 Z44.5039 C39
G0 X0.19005 Z44.6306 C40
G0 X0.19005 Z42.66675 C41
G0 X0.19005 Z44.44055 C42
G0 X0.19005 Z50.205400000000004 C43
G0 X0.19005 Z48.9384 C44
G0 X0.19005 Z47.35465 C45
G0 X0.19005 Z44.1238 C46
G0 X0.19005 Z50.5855 C47
G0 X0.19005 Z49.952 C48
G0 X0.19005 Z45.834250000000004 C49
G0 X0.19005 Z49.3185 C50
G0 X0.19005 Z47.1646 C51
G0 X0.19005 Z45.6442 C52
G0 X0.19005 Z44.69395 C53
G0 X0.19005 Z45.07405 C54
G0 X0.19005 Z47.924800000000005 C55
G0 X0.19005 Z42.6034 C56
G0 X0.19005 Z43.2369 C57
G0 X0.19005 Z48.87505 C58
G0 X0.19005 Z42.4767 C59
G0 X0.19005 Z47.734750000000005 C60
G0 X0.19005 Z43.1102 C61
G0 X0.19005 Z49.88865 C62
G0 X0.19005 Z45.897600000000004 C63
G0 X0.19005 Z42.35 C64
G0 X0.19005 Z45.5175 C65
G0 X0.19005 Z49.0651 C66
G0 X0.19005 Z50.268750000000004 C67
G0 X0.19005 Z44.06045 C68
G0 X0.19005 Z47.671400000000006 C69
G0 X0.19005 Z46.4044 C70
G0 X0.19005 Z42.92015 C71
G0 X0.19005 Z45.707550000000005 C72
G0 X0.19005 Z48.49495 C73
G0 X0.19005 Z47.861450000000005 C74
G0 X0.19005 Z49.5719 C75
G0 X0.19005 Z43.9971 C76
G0 X0.19005 Z44.82065 C77
G0 X0.19005 Z47.48135 C78
G0 X0.19005 Z46.7845 C79
G0 X0.19005 Z45.960950000000004 C80
G0 X0.19005 Z49.76195 C81
G0 X0.19005 Z46.72115 C82
G0 X0.19005 Z46.97455 C83
G0 X0.19005 Z50.395450000000004 C84
G0 X0.19005 Z45.1374 C85
G0 X0.19005 Z47.10125 C86
G0 X0.19005 Z44.3772 C87
G0 X0.19005 Z50.52215 C88
G0 X0.19005 Z47.2913 C89
G0 X0.19005 Z45.3908 C90
G0 X0.19005 Z44.31385 C91
G0 X0.19005 Z45.32745 C92
G0 X0.19005 Z43.870400000000004 C93
G0 X0.19005 Z48.74835 C94
G0 X0.19005 Z45.2641 C95
G0 X0.19005 Z44.18715 C96
G0 X0.19005 Z43.807050000000004 C97
G0 X0.19005 Z50.332100000000004 C98
G0 X0.19005 Z50.01535 C99
G0 X0.19005 Z43.3636 C100
G0 X0.19005 Z42.8568 C101
G0 X0.19005 Z48.3049 C102
G0 X0.19005 Z48.5583 C103
G0 X0.19005 Z43.30025 C104
G0 X0.19005 Z45.45415 C105
G0 X0.19005 Z47.418 C106
G0 X0.19005 Z45.770900000000005 C107
G0 X0.19005 Z49.1918 C108
G0 X0.19005 Z46.34105 C109
G0 X0.19005 Z42.7301 C110
G0 X0.19005 Z46.2777 C111
G0 X0.19005 Z49.12845 C112
G0 X0.19005 Z47.5447 C113
G0 X0.19005 Z47.60805 C114
G0 X0.19005 Z42.54005 C115
G0 X0.19005 Z44.56725 C116
G0 X0.19005 Z48.4316 C117
G0 X0.19005 Z46.21435 C118
G0 X0.19005 Z48.114850000000004 C119
G0 X0.19005 Z49.8253 C120
G0 X0.19005 Z42.79345 C121
G0 X0.19005 Z48.8117 C122
G0 X0.19005 Z47.0379 C123
G0 X0.19005 Z46.46775 C124
G0 X0.19005 Z48.36825 C125
G0 X0.19005 Z44.94735 C126
G0 X0.19005 Z48.685 C127
G0 X0.19005 Z45.58085 C128
G0 X0.19005 Z50.142050000000005 C129
G0 X0.19005 Z49.25515 C130
G0 X0.19005 Z49.6986 C131
G0 X0.19005 Z43.490300000000005 C132
G0 X0.19005 Z49.63525 C133
G0 X0.2534 Z44.56725 C4
G0 X0.2534 Z43.30025 C5
G0 X0.2534 Z48.87505 C6
G0 X0.2534 Z43.553650000000005 C7
G0 X0.2534 Z43.490300000000005 C8
G0 X0.2534 Z48.8117 C9
G0 X0.2534 Z46.97455 C10
G0 X0.2534 Z47.48135 C11
G0 X0.2534 Z46.34105 C12
G0 X0.2534 Z43.04685 C13
G0 X0.2534 Z49.63525 C14
G0 X0.2534 Z49.76195 C15
G0 X0.2534 Z44.5039 C16
G0 X0.2534 Z50.395450000000004 C17
G0 X0.2534 Z43.2369 C18
G0 X0.2534 Z45.07405 C19
G0 X0.2534 Z49.1918 C20
G0 X0.2534 Z45.6442 C21
G0 X0.2534 Z45.960950000000004 C22
G0 X0.2534 Z49.0651 C23
G0 X0.2534 Z45.770900000000005 C24
G0 X0.2534 Z44.31385 C25
G0 X0.2534 Z44.44055 C26
G0 X0.2534 Z43.807050000000004 C27
G0 X0.2534 Z42.7301 C28
G0 X0.2534 Z42.92015 C29
G0 X0.2534 Z48.114850000000004 C30
G0 X0.2534 Z42.35 C31
G0 X0.2534 Z46.7845 C32
G0 X0.2534 Z50.205400000000004 C33
G0 X0.2534 Z43.743700000000004 C34
G0 X0.2534 Z46.84785 C35
G0 X0.2534 Z48.49495 C36
G0 X0.2534 Z43.617000000000004 C37
G0 X0.2534 Z45.897600000000004 C38
G0 X0.2534 Z50.268750000000004 C39
G0 X0.2534 Z47.60805 C40
G0 X0.2534 Z46.72115 C41
G0 X0.2534 Z50.142050000000005 C42
G0 X0.2534 Z50.52215 C43
G0 X0.2534 Z42.79345 C44
G0 X0.2534 Z48.62165 C45
G0 X0.2534 Z44.06045 C46
G0 X0.2534 Z47.671400000000006 C47
G0 X0.2534 Z45.5175 C48
G0 X0.2534 Z42.6034 C49
G0 X0.2534 Z49.6986 C50
G0 X0.2534 Z47.22795 C51
G0 X0.2534 Z47.418 C52
G0 X0.2534 Z46.024300000000004 C53
G0 X0.2534 Z48.36825 C54
G0 X0.2534 Z47.798100000000005 C55
G0 X0.2534 Z43.426950000000005 C56
G0 X0.2534 Z42.9835 C57
G0 X0.2534 Z46.2777 C58
G0 X0.2534 Z49.5719 C59
G0 X0.2534 Z47.1646 C60
G0 X0.2534 Z47.924800000000005 C61
G0 X0.2534 Z43.870400000000004 C62
G0 X0.2534 Z48.178200000000004 C63
G0 X0.2534 Z50.5855 C64
G0 X0.2534 Z49.8253 C65
G0 X0.2534 Z47.5447 C66
G0 X0.2534 Z45.834250000000004 C67
G0 X0.2534 Z45.1374 C68
G0 X0.2534 Z50.458800000000004 C69
G0 X0.2534 Z47.988150000000005 C70
G0 X0.2534 Z50.078700000000005 C71
G0 X0.2534 Z46.5311 C72
G0 X0.2534 Z42.54005 C73
G0 X0.2534 Z49.50855 C74
G0 X0.2534 Z43.9971 C75
G0 X0.2534 Z48.3049 C76
G0 X0.2534 Z48.4316 C77
G0 X0.2534 Z47.861450000000005 C78
G0 X0.2534 Z50.332100000000004 C79
G0 X0.2534 Z43.680350000000004 C80
G0 X0.2534 Z44.2505 C81
G0 X0.2534 Z44.884 C82
G0 X0.2534 Z44.82065 C83
G0 X0.2534 Z43.1102 C84
G0 X0.2534 Z49.952 C85
G0 X0.2534 Z44.18715 C86
G0 X0.2534 Z48.051500000000004 C87
G0 X0.2534 Z46.087650000000004 C88
G0 X0.2534 Z45.58085 C89
G0 X0.2534 Z49.25515 C90
G0 X0.2534 Z44.3772 C91
G0 X0.2534 Z46.21435 C92
G0 X0.2534 Z44.69395 C93
G0 X0.2534 Z44.7573 C94
G0 X0.2534 Z47.0379 C95
G0 X0.2534 Z48.5583 C96
G0 X0.2534 Z49.3185 C97
G0 X0.2534 Z42.8568 C98
G0 X0.2534 Z44.1238 C99
G0 X0.2534 Z43.3636 C100
G0 X0.2534 Z49.00175 C101
G0 X0.2534 Z46.151 C102
G0 X0.2534 Z45.3908 C103
G0 X0.2534 Z43.93375 C104
G0 X0.2534 Z45.32745 C105
G0 X0.2534 Z42.66675 C106
G0 X0.2534 Z50.01535 C107
G0 X0.2534 Z46.59445 C108
G0 X0.2534 Z49.4452 C109
G0 X0.2534 Z42.41335 C110
G0 X0.2534 Z48.9384 C111
G0 X0.2534 Z49.88865 C112
G0 X0.2534 Z44.6306 C113
G0 X0.2534 Z49.12845 C114
G0 X0.2534 Z47.2913 C115
G0 X0.2534 Z47.734750000000005 C116
G0 X0.2534 Z46.6578 C117
G0 X0.2534 Z46.4044 C118
G0 X0.2534 Z48.241550000000004 C119
G0 X0.2534 Z45.2641 C120
G0 X0.2534 Z47.35465 C121
G0 X0.2534 Z45.20075 C122
G0 X0.2534 Z45.707550000000005 C123
G0 X0.2534 Z42.4767 C124
G0 X0.2534 Z43.17355 C125
G0 X0.2534 Z47.10125 C126
G0 X0.2534 Z44.94735 C127
G0 X0.2534 Z48.74835 C128
G0 X0.2534 Z46.46775 C129
G0 X0.2534 Z48.685 C130
G0 X0.2534 Z49.38185 C131
G0 X0.2534 Z46.9112 C132
G0 X0.2534 Z45.0107 C133
G0 X0.2534 Z45.45415 C134
G0 X0.31675000000000003 Z48.62165 C5
G0 X0.31675000000000003 Z50.078700000000005 C6
G0 X0.31675000000000003 Z48.241550000000004 C7
G0 X0.31675000000000003 Z48.3049 C8
G0 X0.31675000000000003 Z47.22795 C9
G0 X0.31675000000000003 Z49.4452 C10
G0 X0.31675000000000003 Z42.41335 C11
G0 X0.31675000000000003 Z47.798100000000005 C12
G0 X0.31675000000000003 Z50.01535 C13
G0 X0.31675000000000003 Z44.884 C14
G0 X0.31675000000000003 Z48.178200000000004 C15
G0 X0.31675000000000003 Z44.5039 C16
G0 X0.31675000000000003 Z47.418 C17
G0 X0.31675000000000003 Z43.9971 C18
G0 X0.31675000000000003 Z44.18715 C19
G0 X0.31675000000000003 Z42.6034 C20
G0 X0.31675000000000003 Z48.5583 C21
G0 X0.31675000000000003 Z48.685 C22
G0 X0.31675000000000003 Z42.66675 C23
G0 X0.31675000000000003 Z42.4767 C24
G0 X0.31675000000000003 Z46.087650000000004 C25
G0 X0.31675000000000003 Z46.4044 C26
G0 X0.31675000000000003 Z48.49495 C27
G0 X0.31675000000000003 Z48.74835 C28
G0 X0.31675000000000003 Z46.21435 C29
G0 X0.31675000000000003 Z43.490300000000005 C30
G0 X0.31675000000000003 Z43.617000000000004 C31
G0 X0.31675000000000003 Z44.94735 C32
G0 X0.31675000000000003 Z45.707550000000005 C33
G0 X0.31675000000000003 Z43.3636 C34
G0 X0.31675000000000003 Z44.44055 C35
G0 X0.31675000000000003 Z43.30025 C36
G0 X0.31675000000000003 Z42.92015 C37
G0 X0.31675000000000003 Z47.1646 C38
G0 X0.31675000000000003 Z47.35465 C39
G0 X0.31675000000000003 Z44.1238 C40
G0 X0.31675000000000003 Z46.84785 C41
G0 X0.31675000000000003 Z45.58085 C42
G0 X0.31675000000000003 Z45.1374 C43
G0 X0.31675000000000003 Z43.04685 C44
G0 X0.31675000000000003 Z45.3908 C45
G0 X0.31675000000000003 Z42.9835 C46
G0 X0.31675000000000003 Z45.0107 C47
G0 X0.31675000000000003 Z42.7301 C48
G0 X0.31675000000000003 Z48.114850000000004 C49
G0 X0.31675000000000003 Z45.32745 C50
G0 X0.31675000000000003 Z49.76195 C51
G0 X0.31675000000000003 Z46.5311 C52
G0 X0.31675000000000003 Z50.268750000000004 C53
G0 X0.31675000000000003 Z49.63525 C54
G0 X0.31675000000000003 Z45.5175 C55
G0 X0.31675000000000003 Z50.5855 C56
G0 X0.31675000000000003 Z44.82065 C57
G0 X0.31675000000000003 Z46.59445 C58
G0 X0.31675000000000003 Z49.25515 C59
G0 X0.31675000000000003 Z44.3772 C60
G0 X0.31675000000000003 Z49.1918 C61
G0 X0.31675000000000003 Z50.332100000000004 C62
G0 X0.31675000000000003 Z50.52215 C63
G0 X0.31675000000000003 Z46.2777 C64
G0 X0.31675000000000003 Z44.56725 C65
G0 X0.31675000000000003 Z42.79345 C66
G0 X0.31675000000000003 Z48.051500000000004 C67
G0 X0.31675000000000003 Z47.734750000000005 C68
G0 X0.31675000000000003 Z43.680350000000004 C69
G0 X0.31675000000000003 Z50.142050000000005 C70
G0 X0.31675000000000003 Z48.9384 C71
G0 X0.31675000000000003 Z46.46775 C72
G0 X0.31675000000000003 Z44.31385 C73
G0 X0.31675000000000003 Z47.861450000000005 C74
G0 X0.31675000000000003 Z49.6986 C75
G0 X0.31675000000000003 Z47.48135 C76
G0 X0.31675000000000003 Z45.07405 C77
G0 X0.31675000000000003 Z49.50855 C78
G0 X0.31675000000000003 Z47.988150000000005 C79
G0 X0.31675000000000003 Z47.60805 C80
G0 X0.31675000000000003 Z47.5447 C81
G0 X0.31675000000000003 Z46.97455 C82
G0 X0.31675000000000003 Z45.2641 C83
G0 X0.31675000000000003 Z49.00175 C84
G0 X0.31675000000000003 Z46.024300000000004 C85
G0 X0.31675000000000003 Z46.72115 C86
G0 X0.31675000000000003 Z45.897600000000004 C87
G0 X0.31675000000000003 Z43.2369 C88
G0 X0.31675000000000003 Z42.54005 C89
G0 X0.31675000000000003 Z43.426950000000005 C90
G0 X0.31675000000000003 Z50.205400000000004 C91
G0 X0.31675000000000003 Z48.8117 C92
G0 X0.31675000000000003 Z45.770900000000005 C93
G0 X0.31675000000000003 Z42.35 C94
G0 X0.31675000000000003 Z44.7573 C95
G0 X0.31675000000000003 Z43.93375 C96
G0 X0.31675000000000003 Z43.553650000000005 C97
G0 X0.31675000000000003 Z49.12845 C98
G0 X0.31675000000000003 Z47.671400000000006 C99
G0 X0.31675000000000003 Z43.17355 C100
G0 X0.31675000000000003 Z46.151 C101
G0 X0.31675000000000003 Z45.45415 C102
G0 X0.31675000000000003 Z46.7845 C103
G0 X0.31675000000000003 Z48.4316 C104
G0 X0.31675000000000003 Z44.06045 C105
G0 X0.31675000000000003 Z49.0651 C106
G0 X0.31675000000000003 Z42.8568 C107
G0 X0.31675000000000003 Z48.87505 C108
G0 X0.31675000000000003 Z50.395450000000004 C109
G0 X0.31675000000000003 Z49.5719 C110
G0 X0.31675000000000003 Z49.952 C111
G0 X0.31675000000000003 Z49.3185 C112
G0 X0.31675000000000003 Z43.870400000000004 C113
G0 X0.31675000000000003 Z45.834250000000004 C114
G0 X0.31675000000000003 Z43.807050000000004 C115
G0 X0.31675000000000003 Z45.20075 C116
G0 X0.31675000000000003 Z44.69395 C117
G0 X0.31675000000000003 Z45.6442 C118
G0 X0.31675000000000003 Z43.1102 C119
G0 X0.31675000000000003 Z46.9112 C120
G0 X0.31675000000000003 Z47.10125 C121
G0 X0.31675000000000003 Z48.36825 C122
G0 X0.31675000000000003 Z46.6578 C123
G0 X0.31675000000000003 Z46.34105 C124
G0 X0.31675000000000003 Z49.88865 C125
G0 X0.31675000000000003 Z43.743700000000004 C126
G0 X0.31675000000000003 Z47.2913 C127
G0 X0.31675000000000003 Z50.458800000000004 C128
G0 X0.31675000000000003 Z49.8253 C129
G0 X0.31675000000000003 Z47.924800000000005 C130
G0 X0.31675000000000003 Z45.960950000000004 C131
G0 X0.31675000000000003 Z44.2505 C132
G0 X0.31675000000000003 Z49.38185 C133
G0 X0.31675000000000003 Z44.6306 C134
G0 X0.31675000000000003 Z47.0379 C135
G0 X0.3801 Z44.6306 C6
G0 X0.3801 Z43.1102 C7
G0 X0.3801 Z47.798100000000005 C8
G0 X0.3801 Z43.870400000000004 C9
G0 X0.3801 Z43.9971 C10
G0 X0.3801 Z45.5175 C11
G0 X0.3801 Z49.76195 C12
G0 X0.3801 Z50.52215 C13
G0 X0.3801 Z44.82065 C14
G0 X0.3801 Z45.2641 C15
G0 X0.3801 Z47.10125 C16
G0 X0.3801 Z43.426950000000005 C17
G0 X0.3801 Z42.4767 C18
G0 X0.3801 Z49.25515 C19
G0 X0.3801 Z48.241550000000004 C20
G0 X0.3801 Z48.74835 C21
G0 X0.3801 Z46.97455 C22
G0 X0.3801 Z45.0107 C23
G0 X0.3801 Z50.01535 C24
G0 X0.3801 Z50.332100000000004 C25
G0 X0.3801 Z50.458800000000004 C26
G0 X0.3801 Z43.17355 C27
G0 X0.3801 Z47.734750000000005 C28
G0 X0.3801 Z46.2777 C29
G0 X0.3801 Z46.46775 C30
G0 X0.3801 Z44.94735 C31
G0 X0.3801 Z48.178200000000004 C32
G0 X0.3801 Z46.21435 C33
G0 X0.3801 Z50.268750000000004 C34
G0 X0.3801 Z42.41335 C35
G0 X0.3801 Z45.834250000000004 C36
G0 X0.3801 Z49.3185 C37
G0 X0.3801 Z46.5311 C38
G0 X0.3801 Z49.12845 C39
G0 X0.3801 Z48.685 C40
G0 X0.3801 Z43.807050000000004 C41
G0 X0.3801 Z44.18715 C42
G0 X0.3801 Z49.8253 C43
G0 X0.3801 Z43.30025 C44
G0 X0.3801 Z44.5039 C45
G0 X0.3801 Z49.952 C46
G0 X0.3801 Z50.5855 C47
G0 X0.3801 Z48.49495 C48
G0 X0.3801 Z47.22795 C49
G0 X0.3801 Z45.07405 C50
G0 X0.3801 Z45.707550000000005 C51
G0 X0.3801 Z42.6034 C52
G0 X0.3801 Z48.114850000000004 C53
G0 X0.3801 Z48.051500000000004 C54
G0 X0.3801 Z49.5719 C55
G0 X0.3801 Z48.5583 C56
G0 X0.3801 Z47.418 C57
G0 X0.3801 Z42.79345 C58
G0 X0.3801 Z42.92015 C59
G0 X0.3801 Z46.7845 C60
G0 X0.3801 Z45.45415 C61
G0 X0.3801 Z42.7301 C62
G0 X0.3801 Z48.9384 C63
G0 X0.3801 Z43.617000000000004 C64
G0 X0.3801 Z50.078700000000005 C65
G0 X0.3801 Z47.60805 C66
G0 X0.3801 Z42.35 C67
G0 X0.3801 Z46.34105 C68
G0 X0.3801 Z44.2505 C69
G0 X0.3801 Z43.3636 C70
G0 X0.3801 Z48.4316 C71
G0 X0.3801 Z47.48135 C72
G0 X0.3801 Z45.3908 C73
G0 X0.3801 Z47.988150000000005 C74
G0 X0.3801 Z45.1374 C75
G0 X0.3801 Z44.56725 C76
G0 X0.3801 Z49.50855 C77
G0 X0.3801 Z46.84785 C78
G0 X0.3801 Z49.00175 C79
G0 X0.3801 Z45.32745 C80
G0 X0.3801 Z50.395450000000004 C81
G0 X0.3801 Z43.04685 C82
G0 X0.3801 Z48.8117 C83
G0 X0.3801 Z45.770900000000005 C84
G0 X0.3801 Z43.553650000000005 C85
G0 X0.3801 Z47.35465 C86
G0 X0.3801 Z45.58085 C87
G0 X0.3801 Z46.151 C88
G0 X0.3801 Z47.5447 C89
G0 X0.3801 Z45.6442 C90
G0 X0.3801 Z46.4044 C91
G0 X0.3801 Z44.1238 C92
G0 X0.3801 Z47.924800000000005 C93
G0 X0.3801 Z47.2913 C94
G0 X0.3801 Z44.44055 C95
G0 X0.3801 Z43.743700000000004 C96
G0 X0.3801 Z44.31385 C97
G0 X0.3801 Z44.06045 C98
G0 X0.3801 Z49.63525 C99
G0 X0.3801 Z48.62165 C100
G0 X0.3801 Z47.861450000000005 C101
G0 X0.3801 Z50.142050000000005 C102
G0 X0.3801 Z44.7573 C103
G0 X0.3801 Z46.087650000000004 C104
G0 X0.3801 Z45.20075 C105
G0 X0.3801 Z49.6986 C106
G0 X0.3801 Z43.680350000000004 C107
G0 X0.3801 Z45.960950000000004 C108
G0 X0.3801 Z49.4452 C109
G0 X0.3801 Z46.72115 C110
G0 X0.3801 Z48.3049 C111
G0 X0.3801 Z47.1646 C112
G0 X0.3801 Z42.9835 C113
G0 X0.3801 Z49.88865 C114
G0 X0.3801 Z48.87505 C115
G0 X0.3801 Z47.671400000000006 C116
G0 X0.3801 Z44.884 C117
G0 X0.3801 Z42.8568 C118
G0 X0.3801 Z46.024300000000004 C119
G0 X0.3801 Z46.9112 C120
G0 X0.3801 Z42.66675 C121
G0 X0.3801 Z46.59445 C122
G0 X0.3801 Z42.54005 C123
G0 X0.3801 Z47.0379 C124
G0 X0.3801 Z45.897600000000004 C125
G0 X0.3801 Z43.2369 C126
G0 X0.3801 Z49.0651 C127
G0 X0.3801 Z50.205400000000004 C128
G0 X0.3801 Z48.36825 C129
G0 X0.3801 Z44.69395 C130
G0 X0.3801 Z44.3772 C131
G0 X0.3801 Z49.1918 C132
G0 X0.3801 Z46.6578 C133
G0 X0.3801 Z49.38185 C134
G0 X0.3801 Z43.490300000000005 C135
G0 X0.3801 Z43.93375 C136
G0 X0.44345 Z47.988150000000005 C7
G0 X0.44345 Z44.1238 C8
G0 X0.44345 Z49.952 C9
G0 X0.44345 Z49.1918 C10
G0 X0.44345 Z44.884 C11
G0 X0.44345 Z43.680350000000004 C12
G0 X0.44345 Z42.8568 C13
G0 X0.44345 Z43.30025 C14
G0 X0.44345 Z43.2369 C15
G0 X0.44345 Z44.5039 C16
G0 X0.44345 Z48.685 C17
G0 X0.44345 Z42.9835 C18
G0 X0.44345 Z48.114850000000004 C19
G0 X0.44345 Z44.6306 C20
G0 X0.44345 Z42.79345 C21
G0 X0.44345 Z44.56725 C22
G0 X0.44345 Z43.870400000000004 C23
G0 X0.44345 Z44.69395 C24
G0 X0.44345 Z45.5175 C25
G0 X0.44345 Z48.49495 C26
G0 X0.44345 Z44.31385 C27
G0 X0.44345 Z45.07405 C28
G0 X0.44345 Z43.1102 C29
G0 X0.44345 Z44.18715 C30
G0 X0.44345 Z45.770900000000005 C31
G0 X0.44345 Z45.1374 C32
G0 X0.44345 Z48.241550000000004 C33
G0 X0.44345 Z44.94735 C34
G0 X0.44345 Z47.22795 C35
G0 X0.44345 Z49.3185 C36
G0 X0.44345 Z46.46775 C37
G0 X0.44345 Z50.395450000000004 C38
G0 X0.44345 Z43.04685 C39
G0 X0.44345 Z50.268750000000004 C40
G0 X0.44345 Z45.2641 C41
G0 X0.44345 Z47.861450000000005 C42
G0 X0.44345 Z50.01535 C43
G0 X0.44345 Z49.38185 C44
G0 X0.44345 Z42.4767 C45
G0 X0.44345 Z47.60805 C46
G0 X0.44345 Z48.4316 C47
G0 X0.44345 Z48.74835 C48
G0 X0.44345 Z43.553650000000005 C49
G0 X0.44345 Z42.41335 C50
G0 X0.44345 Z47.734750000000005 C51
G0 X0.44345 Z46.7845 C52
G0 X0.44345 Z45.20075 C53
G0 X0.44345 Z44.7573 C54
G0 X0.44345 Z43.17355 C55
G0 X0.44345 Z48.5583 C56
G0 X0.44345 Z46.34105 C57
G0 X0.44345 Z46.4044 C58
G0 X0.44345 Z49.4452 C59
G0 X0.44345 Z47.418 C60
G0 X0.44345 Z47.48135 C61
G0 X0.44345 Z45.707550000000005 C62
G0 X0.44345 Z48.051500000000004 C63
G0 X0.44345 Z46.72115 C64
G0 X0.44345 Z42.92015 C65
G0 X0.44345 Z44.2505 C66
G0 X0.44345 Z48.8117 C67
G0 X0.44345 Z46.5311 C68
G0 X0.44345 Z50.52215 C69
G0 X0.44345 Z47.798100000000005 C70
G0 X0.44345 Z46.9112 C71
G0 X0.44345 Z46.97455 C72
G0 X0.44345 Z44.06045 C73
G0 X0.44345 Z43.807050000000004 C74
G0 X0.44345 Z45.834250000000004 C75
G0 X0.44345 Z50.142050000000005 C76
G0 X0.44345 Z45.6442 C77
G0 X0.44345 Z44.44055 C78
G0 X0.44345 Z42.66675 C79
G0 X0.44345 Z47.10125 C80
G0 X0.44345 Z50.458800000000004 C81
G0 X0.44345 Z50.332100000000004 C82
G0 X0.44345 Z46.024300000000004 C83
G0 X0.44345 Z46.087650000000004 C84
G0 X0.44345 Z42.54005 C85
G0 X0.44345 Z49.63525 C86
G0 X0.44345 Z46.84785 C87
G0 X0.44345 Z46.21435 C88
G0 X0.44345 Z49.00175 C89
G0 X0.44345 Z42.35 C90
G0 X0.44345 Z48.178200000000004 C91
G0 X0.44345 Z47.1646 C92
G0 X0.44345 Z45.897600000000004 C93
G0 X0.44345 Z48.87505 C94
G0 X0.44345 Z49.0651 C95
G0 X0.44345 Z49.5719 C96
G0 X0.44345 Z43.743700000000004 C97
G0 X0.44345 Z43.3636 C98
G0 X0.44345 Z49.12845 C99
G0 X0.44345 Z49.50855 C100
G0 X0.44345 Z42.7301 C101
G0 X0.44345 Z49.8253 C102
G0 X0.44345 Z46.2777 C103
G0 X0.44345 Z45.58085 C104
G0 X0.44345 Z43.490300000000005 C105
G0 X0.44345 Z45.0107 C106
G0 X0.44345 Z43.9971 C107
G0 X0.44345 Z50.078700000000005 C108
G0 X0.44345 Z48.36825 C109
G0 X0.44345 Z45.3908 C110
G0 X0.44345 Z43.93375 C111
G0 X0.44345 Z48.62165 C112
G0 X0.44345 Z44.3772 C113
G0 X0.44345 Z49.88865 C114
G0 X0.44345 Z43.426950000000005 C115
G0 X0.44345 Z42.6034 C116
G0 X0.44345 Z49.6986 C117
G0 X0.44345 Z45.45415 C118
G0 X0.44345 Z49.25515 C119
G0 X0.44345 Z47.671400000000006 C120
G0 X0.44345 Z47.0379 C121
G0 X0.44345 Z48.3049 C122
G0 X0.44345 Z47.924800000000005 C123
G0 X0.44345 Z47.5447 C124
G0 X0.44345 Z50.5855 C125
G0 X0.44345 Z44.82065 C126
G0 X0.44345 Z47.2913 C127
G0 X0.44345 Z45.960950000000004 C128
G0 X0.44345 Z46.59445 C129
G0 X0.44345 Z47.35465 C130
G0 X0.44345 Z50.205400000000004 C131
G0 X0.44345 Z49.76195 C132
G0 X0.44345 Z46.151 C133
G0 X0.44345 Z46.6578 C134
G0 X0.44345 Z45.32745 C135
G0 X0.44345 Z48.9384 C136
G0 X0.44345 Z43.617000000000004 C137
G0 X0.5068 Z42.35 C8
G0 X0.5068 Z47.798100000000005 C9
G0 X0.5068 Z47.418 C10
G0 X0.5068 Z43.17355 C11
G0 X0.5068 Z48.49495 C12
G0 X0.5068 Z44.06045 C13
G0 X0.5068 Z44.1238 C14
G0 X0.5068 Z45.58085 C15
G0 X0.5068 Z49.63525 C16
G0 X0.5068 Z43.30025 C17
G0 X0.5068 Z47.10125 C18
G0 X0.5068 Z47.0379 C19
G0 X0.5068 Z45.07405 C20
G0 X0.5068 Z49.25515 C21
G0 X0.5068 Z43.617000000000004 C22
G0 X0.5068 Z43.1102 C23
G0 X0.5068 Z42.4767 C24
G0 X0.5068 Z44.44055 C25
G0 X0.5068 Z46.151 C26
G0 X0.5068 Z44.5039 C27
G0 X0.5068 Z50.142050000000005 C28
G0 X0.5068 Z47.924800000000005 C29
G0 X0.5068 Z48.051500000000004 C30
G0 X0.5068 Z48.9384 C31
G0 X0.5068 Z50.205400000000004 C32
G0 X0.5068 Z46.72115 C33
G0 X0.5068 Z44.2505 C34
G0 X0.5068 Z44.56725 C35
G0 X0.5068 Z45.960950000000004 C36
G0 X0.5068 Z48.685 C37
G0 X0.5068 Z46.7845 C38
G0 X0.5068 Z43.3636 C39
G0 X0.5068 Z49.3185 C40
G0 X0.5068 Z48.3049 C41
G0 X0.5068 Z46.46775 C42
G0 X0.5068 Z45.770900000000005 C43
G0 X0.5068 Z50.268750000000004 C44
G0 X0.5068 Z48.74835 C45
G0 X0.5068 Z46.59445 C46
G0 X0.5068 Z47.1646 C47
G0 X0.5068 Z48.62165 C48
G0 X0.5068 Z49.88865 C49
G0 X0.5068 Z43.2369 C50
G0 X0.5068 Z50.5855 C51
G0 X0.5068 Z47.48135 C52
G0 X0.5068 Z45.834250000000004 C53
G0 X0.5068 Z47.734750000000005 C54
G0 X0.5068 Z42.6034 C55
G0 X0.5068 Z47.35465 C56
G0 X0.5068 Z43.807050000000004 C57
G0 X0.5068 Z44.18715 C58
G0 X0.5068 Z49.5719 C59
G0 X0.5068 Z44.69395 C60
G0 X0.5068 Z49.00175 C61
G0 X0.5068 Z47.2913 C62
G0 X0.5068 Z49.8253 C63
G0 X0.5068 Z50.52215 C64
G0 X0.5068 Z44.7573 C65
G0 X0.5068 Z47.988150000000005 C66
G0 X0.5068 Z48.114850000000004 C67
G0 X0.5068 Z46.84785 C68
G0 X0.5068 Z42.66675 C69
G0 X0.5068 Z49.4452 C70
G0 X0.5068 Z43.870400000000004 C71
G0 X0.5068 Z48.5583 C72
G0 X0.5068 Z45.0107 C73
G0 X0.5068 Z43.426950000000005 C74
G0 X0.5068 Z48.241550000000004 C75
G0 X0.5068 Z47.861450000000005 C76
G0 X0.5068 Z44.94735 C77
G0 X0.5068 Z48.8117 C78
G0 X0.5068 Z46.6578 C79
G0 X0.5068 Z48.178200000000004 C80
G0 X0.5068 Z43.04685 C81
G0 X0.5068 Z50.078700000000005 C82
G0 X0.5068 Z48.87505 C83
G0 X0.5068 Z48.36825 C84
G0 X0.5068 Z45.20075 C85
G0 X0.5068 Z43.93375 C86
G0 X0.5068 Z45.3908 C87
G0 X0.5068 Z47.671400000000006 C88
G0 X0.5068 Z45.1374 C89
G0 X0.5068 Z46.2777 C90
G0 X0.5068 Z49.952 C91
G0 X0.5068 Z45.45415 C92
G0 X0.5068 Z46.4044 C93
G0 X0.5068 Z44.6306 C94
G0 X0.5068 Z46.9112 C95
G0 X0.5068 Z42.9835 C96
G0 X0.5068 Z46.087650000000004 C97
G0 X0.5068 Z44.82065 C98
G0 X0.5068 Z44.884 C99
G0 X0.5068 Z42.8568 C100
G0 X0.5068 Z42.79345 C101
G0 X0.5068 Z49.6986 C102
G0 X0.5068 Z50.395450000000004 C103
G0 X0.5068 Z43.680350000000004 C104
G0 X0.5068 Z46.97455 C105
G0 X0.5068 Z45.707550000000005 C106
G0 X0.5068 Z50.458800000000004 C107
G0 X0.5068 Z49.1918 C108
G0 X0.5068 Z43.743700000000004 C109
G0 X0.5068 Z43.490300000000005 C110
G0 X0.5068 Z48.4316 C111
G0 X0.5068 Z45.6442 C112
G0 X0.5068 Z42.54005 C113
G0 X0.5068 Z43.9971 C114
G0 X0.5068 Z47.22795 C115
G0 X0.5068 Z49.38185 C116
G0 X0.5068 Z46.34105 C117
G0 X0.5068 Z46.5311 C118
G0 X0.5068 Z49.76195 C119
G0 X0.5068 Z46.024300000000004 C120
G0 X0.5068 Z47.60805 C121
G0 X0.5068 Z43.553650000000005 C122
G0 X0.5068 Z47.5447 C123
G0 X0.5068 Z42.7301 C124
G0 X0.5068 Z45.897600000000004 C125
G0 X0.5068 Z49.0651 C126
G0 X0.5068 Z46.21435 C127
G0 X0.5068 Z45.2641 C128
G0 X0.5068 Z49.12845 C129
G0 X0.5068 Z44.31385 C130
G0 X0.5068 Z50.332100000000004 C131
G0 X0.5068 Z45.32745 C132
G0 X0.5068 Z49.50855 C133
G0 X0.5068 Z42.41335 C134
G0 X0.5068 Z44.3772 C135
G0 X0.5068 Z42.92015 C136
G0 X0.5068 Z45.5175 C137
G0 X0.5068 Z50.01535 C138
G0 X0.57015 Z45.0107 C9
G0 X0.57015 Z44.7573 C10
G0 X0.57015 Z45.5175 C11
G0 X0.57015 Z45.770900000000005 C12
G0 X0.57015 Z43.490300000000005 C13
G0 X0.57015 Z48.5583 C14
G0 X0.57015 Z49.38185 C15
G0 X0.57015 Z43.04685 C16
G0 X0.57015 Z49.88865 C17
G0 X0.57015 Z49.0651 C18
G0 X0.57015 Z46.2777 C19
G0 X0.57015 Z46.151 C20
G0 X0.57015 Z42.79345 C21
G0 X0.57015 Z50.205400000000004 C22
G0 X0.57015 Z49.63525 C23
G0 X0.57015 Z43.807050000000004 C24
G0 X0.57015 Z47.1646 C25
G0 X0.57015 Z43.3636 C26
G0 X0.57015 Z48.49495 C27
G0 X0.57015 Z50.268750000000004 C28
G0 X0.57015 Z47.22795 C29
G0 X0.57015 Z44.31385 C30
G0 X0.57015 Z44.6306 C31
G0 X0.57015 Z43.743700000000004 C32
G0 X0.57015 Z48.8117 C33
G0 X0.57015 Z47.861450000000005 C34
G0 X0.57015 Z44.5039 C35
G0 X0.57015 Z44.1238 C36
G0 X0.57015 Z45.45415 C37
G0 X0.57015 Z46.7845 C38
G0 X0.57015 Z47.5447 C39
G0 X0.57015 Z46.59445 C40
G0 X0.57015 Z46.6578 C41
G0 X0.57015 Z47.988150000000005 C42
G0 X0.57015 Z42.9835 C43
G0 X0.57015 Z47.924800000000005 C44
G0 X0.57015 Z43.1102 C45
G0 X0.57015 Z45.2641 C46
G0 X0.57015 Z49.6986 C47
G0 X0.57015 Z46.4044 C48
G0 X0.57015 Z49.5719 C49
G0 X0.57015 Z46.72115 C50
G0 X0.57015 Z42.41335 C51
G0 X0.57015 Z48.114850000000004 C52
G0 X0.57015 Z47.0379 C53
G0 X0.57015 Z47.48135 C54
G0 X0.57015 Z49.4452 C55
G0 X0.57015 Z49.00175 C56
G0 X0.57015 Z49.3185 C57
G0 X0.57015 Z47.798100000000005 C58
G0 X0.57015 Z46.84785 C59
G0 X0.57015 Z44.06045 C60
G0 X0.57015 Z48.241550000000004 C61
G0 X0.57015 Z45.1374 C62
G0 X0.57015 Z50.5855 C63
G0 X0.57015 Z45.32745 C64
G0 X0.57015 Z48.62165 C65
G0 X0.57015 Z44.94735 C66
G0 X0.57015 Z47.418 C67
G0 X0.57015 Z49.50855 C68
G0 X0.57015 Z45.07405 C69
G0 X0.57015 Z46.5311 C70
G0 X0.57015 Z44.18715 C71
G0 X0.57015 Z48.051500000000004 C72
G0 X0.57015 Z45.20075 C73
G0 X0.57015 Z49.1918 C74
G0 X0.57015 Z46.46775 C75
G0 X0.57015 Z43.870400000000004 C76
G0 X0.57015 Z50.078700000000005 C77
G0 X0.57015 Z46.087650000000004 C78
G0 X0.57015 Z43.17355 C79
G0 X0.57015 Z50.332100000000004 C80
G0 X0.57015 Z48.74835 C81
G0 X0.57015 Z49.8253 C82
G0 X0.57015 Z50.01535 C83
G0 X0.57015 Z45.834250000000004 C84
G0 X0.57015 Z44.884 C85
G0 X0.57015 Z42.6034 C86
G0 X0.57015 Z42.35 C87
G0 X0.57015 Z44.69395 C88
G0 X0.57015 Z47.10125 C89
G0 X0.57015 Z42.7301 C90
G0 X0.57015 Z48.3049 C91
G0 X0.57015 Z45.960950000000004 C92
G0 X0.57015 Z42.4767 C93
G0 X0.57015 Z45.6442 C94
G0 X0.57015 Z43.2369 C95
G0 X0.57015 Z44.2505 C96
G0 X0.57015 Z47.60805 C97
G0 X0.57015 Z43.9971 C98
G0 X0.57015 Z50.52215 C99
G0 X0.57015 Z48.36825 C100
G0 X0.57015 Z43.30025 C101
G0 X0.57015 Z48.9384 C102
G0 X0.57015 Z49.952 C103
G0 X0.57015 Z44.44055 C104
G0 X0.57015 Z47.734750000000005 C105
G0 X0.57015 Z48.87505 C106
G0 X0.57015 Z46.34105 C107
G0 X0.57015 Z43.617000000000004 C108
G0 X0.57015 Z50.458800000000004 C109
G0 X0.57015 Z44.82065 C110
G0 X0.57015 Z47.671400000000006 C111
G0 X0.57015 Z48.4316 C112
G0 X0.57015 Z42.66675 C113
G0 X0.57015 Z42.92015 C114
G0 X0.57015 Z43.680350000000004 C115
G0 X0.57015 Z49.12845 C116
G0 X0.57015 Z47.2913 C117
G0 X0.57015 Z46.9112 C118
G0 X0.57015 Z50.395450000000004 C119
G0 X0.57015 Z46.97455 C120
G0 X0.57015 Z45.3908 C121
G0 X0.57015 Z45.707550000000005 C122
G0 X0.57015 Z46.21435 C123
G0 X0.57015 Z45.897600000000004 C124
G0 X0.57015 Z48.178200000000004 C125
G0 X0.57015 Z43.553650000000005 C126
G0 X0.57015 Z45.58085 C127
G0 X0.57015 Z50.142050000000005 C128
G0 X0.57015 Z49.25515 C129
G0 X0.57015 Z44.56725 C130
G0 X0.57015 Z43.93375 C131
G0 X0.57015 Z43.426950000000005 C132
G0 X0.57015 Z42.8568 C133
G0 X0.57015 Z42.54005 C134
G0 X0.57015 Z47.35465 C135
G0 X0.57015 Z49.76195 C136
G0 X0.57015 Z44.3772 C137
G0 X0.57015 Z46.024300000000004 C138
G0 X0.57015 Z48.685 C139
G0 X0.6335000000000001 Z47.924800000000005 C10
G0 X0.6335000000000001 Z46.151 C11
G0 X0.6335000000000001 Z46.5311 C12
G0 X0.6335000000000001 Z50.01535 C13
G0 X0.6335000000000001 Z50.5855 C14
G0 X0.6335000000000001 Z46.46775 C15
G0 X0.6335000000000001 Z45.20075 C16
G0 X0.6335000000000001 Z46.84785 C17
G0 X0.6335000000000001 Z49.952 C18
G0 X0.6335000000000001 Z49.5719 C19
G0 X0.6335000000000001 Z49.25515 C20
G0 X0.6335000000000001 Z47.798100000000005 C21
G0 X0.6335000000000001 Z42.54005 C22
G0 X0.6335000000000001 Z48.62165 C23
G0 X0.6335000000000001 Z49.6986 C24
G0 X0.6335000000000001 Z48.87505 C25
G0 X0.6335000000000001 Z47.5447 C26
G0 X0.6335000000000001 Z46.97455 C27
G0 X0.6335000000000001 Z48.685 C28
G0 X0.6335000000000001 Z43.30025 C29
G0 X0.6335000000000001 Z50.52215 C30
G0 X0.6335000000000001 Z44.44055 C31
G0 X0.6335000000000001 Z42.6034 C32
G0 X0.6335000000000001 Z44.94735 C33
G0 X0.6335000000000001 Z48.8117 C34
G0 X0.6335000000000001 Z42.35 C35
G0 X0.6335000000000001 Z43.553650000000005 C36
G0 X0.6335000000000001 Z46.024300000000004 C37
G0 X0.6335000000000001 Z45.45415 C38
G0 X0.6335000000000001 Z50.458800000000004 C39
G0 X0.6335000000000001 Z44.3772 C40
G0 X0.6335000000000001 Z46.59445 C41
G0 X0.6335000000000001 Z45.897600000000004 C42
G0 X0.6335000000000001 Z43.870400000000004 C43
G0 X0.6335000000000001 Z43.743700000000004 C44
G0 X0.6335000000000001 Z42.7301 C45
G0 X0.6335000000000001 Z44.6306 C46
G0 X0.6335000000000001 Z49.88865 C47
G0 X0.6335000000000001 Z47.48135 C48
G0 X0.6335000000000001 Z48.49495 C49
G0 X0.6335000000000001 Z45.960950000000004 C50
G0 X0.6335000000000001 Z45.3908 C51
G0 X0.6335000000000001 Z47.1646 C52
G0 X0.6335000000000001 Z49.63525 C53
G0 X0.6335000000000001 Z45.1374 C54
G0 X0.6335000000000001 Z42.9835 C55
G0 X0.6335000000000001 Z42.41335 C56
G0 X0.6335000000000001 Z43.1102 C57
G0 X0.6335000000000001 Z49.0651 C58
G0 X0.6335000000000001 Z49.50855 C59
G0 X0.6335000000000001 Z43.93375 C60
G0 X0.6335000000000001 Z45.58085 C61
G0 X0.6335000000000001 Z46.7845 C62
G0 X0.6335000000000001 Z49.38185 C63
G0 X0.6335000000000001 Z48.9384 C64
G0 X0.6335000000000001 Z43.9971 C65
G0 X0.6335000000000001 Z46.4044 C66
G0 X0.6335000000000001 Z50.205400000000004 C67
G0 X0.6335000000000001 Z49.00175 C68
G0 X0.6335000000000001 Z45.770900000000005 C69
G0 X0.6335000000000001 Z50.142050000000005 C70
G0 X0.6335000000000001 Z42.66675 C71
G0 X0.6335000000000001 Z45.0107 C72
G0 X0.6335000000000001 Z43.490300000000005 C73
G0 X0.6335000000000001 Z50.332100000000004 C74
G0 X0.6335000000000001 Z43.04685 C75
G0 X0.6335000000000001 Z49.76195 C76
G0 X0.6335000000000001 Z44.884 C77
G0 X0.6335000000000001 Z45.6442 C78
G0 X0.6335000000000001 Z46.34105 C79
G0 X0.6335000000000001 Z46.72115 C80
G0 X0.6335000000000001 Z47.22795 C81
G0 X0.6335000000000001 Z45.5175 C82
G0 X0.6335000000000001 Z47.10125 C83
G0 X0.6335000000000001 Z44.69395 C84
G0 X0.6335000000000001 Z47.0379 C85
G0 X0.6335000000000001 Z44.18715 C86
G0 X0.6335000000000001 Z47.671400000000006 C87
G0 X0.6335000000000001 Z47.988150000000005 C88
G0 X0.6335000000000001 Z43.426950000000005 C89
G0 X0.6335000000000001 Z43.17355 C90
G0 X0.6335000000000001 Z42.92015 C91
G0 X0.6335000000000001 Z46.9112 C92
G0 X0.6335000000000001 Z44.5039 C93
G0 X0.6335000000000001 Z46.2777 C94
G0 X0.6335000000000001 Z42.4767 C95
G0 X0.6335000000000001 Z47.2913 C96
G0 X0.6335000000000001 Z44.1238 C97
G0 X0.6335000000000001 Z44.2505 C98
G0 X0.6335000000000001 Z48.3049 C99
G0 X0.6335000000000001 Z49.4452 C100
G0 X0.6335000000000001 Z44.82065 C101
G0 X0.6335000000000001 Z45.32745 C102
G0 X0.6335000000000001 Z43.680350000000004 C103
G0 X0.6335000000000001 Z45.707550000000005 C104
G0 X0.6335000000000001 Z46.21435 C105
G0 X0.6335000000000001 Z50.268750000000004 C106
G0 X0.6335000000000001 Z43.3636 C107
G0 X0.6335000000000001 Z44.31385 C108
G0 X0.6335000000000001 Z43.807050000000004 C109
G0 X0.6335000000000001 Z46.6578 C110
G0 X0.6335000000000001 Z50.395450000000004 C111
G0 X0.6335000000000001 Z43.2369 C112
G0 X0.6335000000000001 Z44.7573 C113
G0 X0.6335000000000001 Z45.2641 C114
G0 X0.6335000000000001 Z45.07405 C115
G0 X0.6335000000000001 Z47.60805 C116
G0 X0.6335000000000001 Z48.241550000000004 C117
G0 X0.6335000000000001 Z44.56725 C118
G0 X0.6335000000000001 Z42.79345 C119
G0 X0.6335000000000001 Z50.078700000000005 C120
G0 X0.6335000000000001 Z49.8253 C121
G0 X0.6335000000000001 Z48.114850000000004 C122
G0 X0.6335000000000001 Z48.36825 C123
G0 X0.6335000000000001 Z48.051500000000004 C124
G0 X0.6335000000000001 Z48.74835 C125
G0 X0.6335000000000001 Z47.418 C126
G0 X0.6335000000000001 Z44.06045 C127
G0 X0.6335000000000001 Z47.734750000000005 C128
G0 X0.6335000000000001 Z45.834250000000004 C129
G0 X0.6335000000000001 Z48.178200000000004 C130
G0 X0.6335000000000001 Z49.1918 C131
G0 X0.6335000000000001 Z47.35465 C132
G0 X0.6335000000000001 Z47.861450000000005 C133
G0 X0.6335000000000001 Z48.5583 C134
G0 X0.6335000000000001 Z49.12845 C135
G0 X0.6335000000000001 Z42.8568 C136
G0 X0.6335000000000001 Z43.617000000000004 C137
G0 X0.6335000000000001 Z46.087650000000004 C138
G0 X0.6335000000000001 Z49.3185 C139
G0 X0.6335000000000001 Z48.4316 C140
G0 X0.6968500000000001 Z46.46775 C11
G0 X0.6968500000000001 Z49.25515 C12
G0 X0.6968500000000001 Z42.7301 C13
G0 X0.6968500000000001 Z46.59445 C14
G0 X0.6968500000000001 Z43.743700000000004 C15
G0 X0.6968500000000001 Z49.76195 C16
G0 X0.6968500000000001 Z46.4044 C17
G0 X0.6968500000000001 Z43.04685 C18
G0 X0.6968500000000001 Z43.490300000000005 C19
G0 X0.6968500000000001 Z44.2505 C20
G0 X0.6968500000000001 Z48.8117 C21
G0 X0.6968500000000001 Z47.35465 C22
G0 X0.6968500000000001 Z49.00175 C23
G0 X0.6968500000000001 Z43.3636 C24
G0 X0.6968500000000001 Z44.82065 C25
G0 X0.6968500000000001 Z42.92015 C26
G0 X0.6968500000000001 Z49.0651 C27
G0 X0.6968500000000001 Z47.671400000000006 C28
G0 X0.6968500000000001 Z49.12845 C29
G0 X0.6968500000000001 Z47.734750000000005 C30
G0 X0.6968500000000001 Z45.1374 C31
G0 X0.6968500000000001 Z44.1238 C32
G0 X0.6968500000000001 Z46.5311 C33
G0 X0.6968500000000001 Z45.770900000000005 C34
G0 X0.6968500000000001 Z47.2913 C35
G0 X0.6968500000000001 Z45.6442 C36
G0 X0.6968500000000001 Z45.07405 C37
G0 X0.6968500000000001 Z42.66675 C38
G0 X0.6968500000000001 Z43.9971 C39
G0 X0.6968500000000001 Z48.114850000000004 C40
G0 X0.6968500000000001 Z46.34105 C41
G0 X0.6968500000000001 Z45.0107 C42
G0 X0.6968500000000001 Z47.924800000000005 C43
G0 X0.6968500000000001 Z44.69395 C44
G0 X0.6968500000000001 Z47.5447 C45
G0 X0.6968500000000001 Z48.62165 C46
G0 X0.6968500000000001 Z49.3185 C47
G0 X0.6968500000000001 Z42.4767 C48
G0 X0.6968500000000001 Z43.17355 C49
G0 X0.6968500000000001 Z47.418 C50
G0 X0.6968500000000001 Z45.960950000000004 C51
G0 X0.6968500000000001 Z45.897600000000004 C52
G0 X0.6968500000000001 Z48.49495 C53
G0 X0.6968500000000001 Z48.241550000000004 C54
G0 X0.6968500000000001 Z43.1102 C55
G0 X0.6968500000000001 Z45.58085 C56
G0 X0.6968500000000001 Z47.988150000000005 C57
G0 X0.6968500000000001 Z50.078700000000005 C58
G0 X0.6968500000000001 Z45.5175 C59
G0 X0.6968500000000001 Z47.22795 C60
G0 X0.6968500000000001 Z49.63525 C61
G0 X0.6968500000000001 Z50.52215 C62
G0 X0.6968500000000001 Z44.5039 C63
G0 X0.6968500000000001 Z45.3908 C64
G0 X0.6968500000000001 Z49.6986 C65
G0 X0.6968500000000001 Z49.5719 C66
G0 X0.6968500000000001 Z49.952 C67
G0 X0.6968500000000001 Z44.44055 C68
G0 X0.6968500000000001 Z44.31385 C69
G0 X0.6968500000000001 Z46.72115 C70
G0 X0.6968500000000001 Z46.21435 C71
G0 X0.6968500000000001 Z43.2369 C72
G0 X0.6968500000000001 Z46.024300000000004 C73
G0 X0.6968500000000001 Z48.178200000000004 C74
G0 X0.6968500000000001 Z45.32745 C75
G0 X0.6968500000000001 Z48.685 C76
G0 X0.6968500000000001 Z47.10125 C77
G0 X0.6968500000000001 Z43.426950000000005 C78
G0 X0.6968500000000001 Z50.332100000000004 C79
G0 X0.6968500000000001 Z50.5855 C80
G0 X0.6968500000000001 Z43.93375 C81
G0 X0.6968500000000001 Z44.7573 C82
G0 X0.6968500000000001 Z47.60805 C83
G0 X0.6968500000000001 Z42.35 C84
G0 X0.6968500000000001 Z44.6306 C85
G0 X0.6968500000000001 Z49.88865 C86
G0 X0.6968500000000001 Z46.7845 C87
G0 X0.6968500000000001 Z43.30025 C88
G0 X0.6968500000000001 Z50.142050000000005 C89
G0 X0.6968500000000001 Z42.79345 C90
G0 X0.6968500000000001 Z50.395450000000004 C91
G0 X0.6968500000000001 Z46.151 C92
G0 X0.6968500000000001 Z48.87505 C93
G0 X0.6968500000000001 Z48.3049 C94
G0 X0.6968500000000001 Z46.087650000000004 C95
G0 X0.6968500000000001 Z49.1918 C96
G0 X0.6968500000000001 Z42.41335 C97
G0 X0.6968500000000001 Z44.18715 C98
G0 X0.6968500000000001 Z48.051500000000004 C99
G0 X0.6968500000000001 Z50.01535 C100
G0 X0.6968500000000001 Z43.553650000000005 C101
G0 X0.6968500000000001 Z50.205400000000004 C102
G0 X0.6968500000000001 Z48.5583 C103
G0 X0.6968500000000001 Z44.94735 C104
G0 X0.6968500000000001 Z47.1646 C105
G0 X0.6968500000000001 Z44.56725 C106
G0 X0.6968500000000001 Z47.798100000000005 C107
G0 X0.6968500000000001 Z48.4316 C108
G0 X0.6968500000000001 Z49.8253 C109
G0 X0.6968500000000001 Z49.38185 C110
G0 X0.6968500000000001 Z44.884 C111
G0 X0.6968500000000001 Z45.707550000000005 C112
G0 X0.6968500000000001 Z44.06045 C113
G0 X0.6968500000000001 Z48.36825 C114
G0 X0.6968500000000001 Z46.6578 C115
G0 X0.6968500000000001 Z48.9384 C116
G0 X0.6968500000000001 Z42.6034 C117
G0 X0.6968500000000001 Z46.97455 C118
G0 X0.6968500000000001 Z45.20075 C119
G0 X0.6968500000000001 Z43.680350000000004 C120
G0 X0.6968500000000001 Z46.9112 C121
G0 X0.6968500000000001 Z50.268750000000004 C122
G0 X0.6968500000000001 Z43.807050000000004 C123
G0 X0.6968500000000001 Z49.4452 C124
G0 X0.6968500000000001 Z50.458800000000004 C125
G0 X0.6968500000000001 Z42.8568 C126
G0 X0.6968500000000001 Z47.48135 C127
G0 X0.6968500000000001 Z49.50855 C128
G0 X0.6968500000000001 Z48.74835 C129
G0 X0.6968500000000001 Z45.45415 C130
G0 X0.6968500000000001 Z46.2777 C131
G0 X0.6968500000000001 Z43.617000000000004 C132
G0 X0.6968500000000001 Z47.861450000000005 C133
G0 X0.6968500000000001 Z42.9835 C134
G0 X0.6968500000000001 Z47.0379 C135
G0 X0.6968500000000001 Z44.3772 C136
G0 X0.6968500000000001 Z45.2641 C137
G0 X0.6968500000000001 Z43.870400000000004 C138
G0 X0.6968500000000001 Z42.54005 C139
G0 X0.6968500000000001 Z45.834250000000004 C140
G0 X0.6968500000000001 Z46.84785 C141
G0 X0.7602 Z45.3908 C12
G0 X0.7602 Z43.553650000000005 C13
G0 X0.7602 Z46.72115 C14
G0 X0.7602 Z45.32745 C15
G0 X0.7602 Z44.7573 C16
G0 X0.7602 Z47.988150000000005 C17
G0 X0.7602 Z48.3049 C18
G0 X0.7602 Z48.685 C19
G0 X0.7602 Z43.680350000000004 C20
G0 X0.7602 Z48.9384 C21
G0 X0.7602 Z50.142050000000005 C22
G0 X0.7602 Z50.458800000000004 C23
G0 X0.7602 Z43.9971 C24
G0 X0.7602 Z43.3636 C25
G0 X0.7602 Z48.8117 C26
G0 X0.7602 Z43.17355 C27
G0 X0.7602 Z43.30025 C28
G0 X0.7602 Z49.6986 C29
G0 X0.7602 Z49.0651 C30
G0 X0.7602 Z47.35465 C31
G0 X0.7602 Z43.490300000000005 C32
G0 X0.7602 Z43.93375 C33
G0 X0.7602 Z45.20075 C34
G0 X0.7602 Z42.92015 C35
G0 X0.7602 Z45.770900000000005 C36
G0 X0.7602 Z46.151 C37
G0 X0.7602 Z46.4044 C38
G0 X0.7602 Z49.63525 C39
G0 X0.7602 Z47.418 C40
G0 X0.7602 Z47.10125 C41
G0 X0.7602 Z44.31385 C42
G0 X0.7602 Z47.924800000000005 C43
G0 X0.7602 Z46.2777 C44
G0 X0.7602 Z44.5039 C45
G0 X0.7602 Z44.44055 C46
G0 X0.7602 Z45.58085 C47
G0 X0.7602 Z47.734750000000005 C48
G0 X0.7602 Z48.62165 C49
G0 X0.7602 Z50.5855 C50
G0 X0.7602 Z48.36825 C51
G0 X0.7602 Z49.76195 C52
G0 X0.7602 Z50.205400000000004 C53
G0 X0.7602 Z45.07405 C54
G0 X0.7602 Z44.69395 C55
G0 X0.7602 Z46.21435 C56
G0 X0.7602 Z45.1374 C57
G0 X0.7602 Z45.707550000000005 C58
G0 X0.7602 Z48.114850000000004 C59
G0 X0.7602 Z44.1238 C60
G0 X0.7602 Z48.051500000000004 C61
G0 X0.7602 Z46.97455 C62
G0 X0.7602 Z43.617000000000004 C63
G0 X0.7602 Z42.35 C64
G0 X0.7602 Z46.5311 C65
G0 X0.7602 Z46.024300000000004 C66
G0 X0.7602 Z49.12845 C67
G0 X0.7602 Z50.01535 C68
G0 X0.7602 Z42.41335 C69
G0 X0.7602 Z46.087650000000004 C70
G0 X0.7602 Z42.54005 C71
G0 X0.7602 Z43.807050000000004 C72
G0 X0.7602 Z44.06045 C73
G0 X0.7602 Z49.38185 C74
G0 X0.7602 Z49.25515 C75
G0 X0.7602 Z47.671400000000006 C76
G0 X0.7602 Z43.04685 C77
G0 X0.7602 Z46.7845 C78
G0 X0.7602 Z45.960950000000004 C79
G0 X0.7602 Z50.078700000000005 C80
G0 X0.7602 Z47.861450000000005 C81
G0 X0.7602 Z47.1646 C82
G0 X0.7602 Z45.5175 C83
G0 X0.7602 Z45.2641 C84
G0 X0.7602 Z45.0107 C85
G0 X0.7602 Z42.6034 C86
G0 X0.7602 Z49.8253 C87
G0 X0.7602 Z48.5583 C88
G0 X0.7602 Z42.8568 C89
G0 X0.7602 Z46.6578 C90
G0 X0.7602 Z50.332100000000004 C91
G0 X0.7602 Z44.884 C92
G0 X0.7602 Z47.22795 C93
G0 X0.7602 Z49.952 C94
G0 X0.7602 Z46.9112 C95
G0 X0.7602 Z44.18715 C96
G0 X0.7602 Z44.82065 C97
G0 X0.7602 Z45.45415 C98
G0 X0.7602 Z49.00175 C99
G0 X0.7602 Z42.79345 C100
G0 X0.7602 Z50.395450000000004 C101
G0 X0.7602 Z48.87505 C102
G0 X0.7602 Z46.59445 C103
G0 X0.7602 Z45.834250000000004 C104
G0 X0.7602 Z47.0379 C105
G0 X0.7602 Z46.46775 C106
G0 X0.7602 Z43.426950000000005 C107
G0 X0.7602 Z47.2913 C108
G0 X0.7602 Z42.9835 C109
G0 X0.7602 Z44.2505 C110
G0 X0.7602 Z46.84785 C111
G0 X0.7602 Z50.268750000000004 C112
G0 X0.7602 Z43.743700000000004 C113
G0 X0.7602 Z47.60805 C114
G0 X0.7602 Z47.48135 C115
G0 X0.7602 Z49.88865 C116
G0 X0.7602 Z47.798100000000005 C117
G0 X0.7602 Z45.6442 C118
G0 X0.7602 Z49.1918 C119
G0 X0.7602 Z48.241550000000004 C120
G0 X0.7602 Z48.49495 C121
G0 X0.7602 Z49.3185 C122
G0 X0.7602 Z43.1102 C123
G0 X0.7602 Z45.897600000000004 C124
G0 X0.7602 Z43.2369 C125
G0 X0.7602 Z48.178200000000004 C126
G0 X0.7602 Z47.5447 C127
G0 X0.7602 Z44.94735 C128
G0 X0.7602 Z49.4452 C129
G0 X0.7602 Z42.7301 C130
G0 X0.7602 Z44.6306 C131
G0 X0.7602 Z44.3772 C132
G0 X0.7602 Z42.66675 C133
G0 X0.7602 Z50.52215 C134
G0 X0.7602 Z49.50855 C135
G0 X0.7602 Z43.870400000000004 C136
G0 X0.7602 Z48.4316 C137
G0 X0.7602 Z42.4767 C138
G0 X0.7602 Z49.5719 C139
G0 X0.7602 Z44.56725 C140
G0 X0.7602 Z46.34105 C141
G0 X0.7602 Z48.74835 C142
G0 X0.82355 Z48.8117 C13
G0 X0.82355 Z49.00175 C14
G0 X0.82355 Z42.66675 C15
G0 X0.82355 Z49.12845 C16
G0 X0.82355 Z43.9971 C17
G0 X0.82355 Z47.671400000000006 C18
G0 X0.82355 Z47.5447 C19
G0 X0.82355 Z45.2641 C20
G0 X0.82355 Z47.861450000000005 C21
G0 X0.82355 Z48.9384 C22
G0 X0.82355 Z45.770900000000005 C23
G0 X0.82355 Z44.3772 C24
G0 X0.82355 Z43.93375 C25
G0 X0.82355 Z47.418 C26
G0 X0.82355 Z50.142050000000005 C27
G0 X0.82355 Z50.332100000000004 C28
G0 X0.82355 Z47.2913 C29
G0 X0.82355 Z46.34105 C30
G0 X0.82355 Z49.25515 C31
G0 X0.82355 Z42.41335 C32
G0 X0.82355 Z43.553650000000005 C33
G0 X0.82355 Z44.7573 C34
G0 X0.82355 Z44.82065 C35
G0 X0.82355 Z44.69395 C36
G0 X0.82355 Z47.988150000000005 C37
G0 X0.82355 Z49.1918 C38
G0 X0.82355 Z43.426950000000005 C39
G0 X0.82355 Z43.807050000000004 C40
G0 X0.82355 Z44.56725 C41
G0 X0.82355 Z47.0379 C42
G0 X0.82355 Z42.4767 C43
G0 X0.82355 Z47.1646 C44
G0 X0.82355 Z47.924800000000005 C45
G0 X0.82355 Z48.685 C46
G0 X0.82355 Z43.490300000000005 C47
G0 X0.82355 Z50.268750000000004 C48
G0 X0.82355 Z48.3049 C49
G0 X0.82355 Z45.32745 C50
G0 X0.82355 Z49.50855 C51
G0 X0.82355 Z49.3185 C52
G0 X0.82355 Z42.79345 C53
G0 X0.82355 Z43.17355 C54
G0 X0.82355 Z48.241550000000004 C55
G0 X0.82355 Z45.07405 C56
G0 X0.82355 Z47.10125 C57
G0 X0.82355 Z47.798100000000005 C58
G0 X0.82355 Z42.7301 C59
G0 X0.82355 Z49.6986 C60
G0 X0.82355 Z45.960950000000004 C61
G0 X0.82355 Z49.8253 C62
G0 X0.82355 Z42.54005 C63
G0 X0.82355 Z48.87505 C64
G0 X0.82355 Z50.205400000000004 C65
G0 X0.82355 Z44.1238 C66
G0 X0.82355 Z45.3908 C67
G0 X0.82355 Z46.151 C68
G0 X0.82355 Z44.2505 C69
G0 X0.82355 Z49.88865 C70
G0 X0.82355 Z48.4316 C71
G0 X0.82355 Z49.76195 C72
G0 X0.82355 Z43.3636 C73
G0 X0.82355 Z45.834250000000004 C74
G0 X0.82355 Z44.5039 C75
G0 X0.82355 Z46.21435 C76
G0 X0.82355 Z43.617000000000004 C77
G0 X0.82355 Z43.870400000000004 C78
G0 X0.82355 Z47.22795 C79
G0 X0.82355 Z46.59445 C80
G0 X0.82355 Z50.5855 C81
G0 X0.82355 Z49.0651 C82
G0 X0.82355 Z45.58085 C83
G0 X0.82355 Z46.2777 C84
G0 X0.82355 Z44.44055 C85
G0 X0.82355 Z49.5719 C86
G0 X0.82355 Z45.707550000000005 C87
G0 X0.82355 Z46.024300000000004 C88
G0 X0.82355 Z45.6442 C89
G0 X0.82355 Z45.45415 C90
G0 X0.82355 Z44.884 C91
G0 X0.82355 Z43.743700000000004 C92
G0 X0.82355 Z48.5583 C93
G0 X0.82355 Z46.7845 C94
G0 X0.82355 Z50.52215 C95
G0 X0.82355 Z47.48135 C96
G0 X0.82355 Z48.051500000000004 C97
G0 X0.82355 Z48.114850000000004 C98
G0 X0.82355 Z42.6034 C99
G0 X0.82355 Z47.734750000000005 C100
G0 X0.82355 Z46.5311 C101
G0 X0.82355 Z42.35 C102
G0 X0.82355 Z48.36825 C103
G0 X0.82355 Z46.84785 C104
G0 X0.82355 Z48.178200000000004 C105
G0 X0.82355 Z48.49495 C106
G0 X0.82355 Z44.18715 C107
G0 X0.82355 Z50.078700000000005 C108
G0 X0.82355 Z49.4452 C109
G0 X0.82355 Z46.72115 C110
G0 X0.82355 Z43.680350000000004 C111
G0 X0.82355 Z45.1374 C112
G0 X0.82355 Z45.897600000000004 C113
G0 X0.82355 Z46.9112 C114
G0 X0.82355 Z43.1102 C115
G0 X0.82355 Z45.0107 C116
G0 X0.82355 Z48.62165 C117
G0 X0.82355 Z43.04685 C118
G0 X0.82355 Z47.60805 C119
G0 X0.82355 Z42.8568 C120
G0 X0.82355 Z48.74835 C121
G0 X0.82355 Z46.6578 C122
G0 X0.82355 Z46.087650000000004 C123
G0 X0.82355 Z44.06045 C124
G0 X0.82355 Z46.4044 C125
G0 X0.82355 Z44.94735 C126
G0 X0.82355 Z42.92015 C127
G0 X0.82355 Z50.01535 C128
G0 X0.82355 Z43.2369 C129
G0 X0.82355 Z45.20075 C130
G0 X0.82355 Z44.31385 C131
G0 X0.82355 Z45.5175 C132
G0 X0.82355 Z47.35465 C133
G0 X0.82355 Z43.30025 C134
G0 X0.82355 Z46.97455 C135
G0 X0.82355 Z50.395450000000004 C136
G0 X0.82355 Z46.46775 C137
G0 X0.82355 Z50.458800000000004 C138
G0 X0.82355 Z44.6306 C139
G0 X0.82355 Z49.952 C140
G0 X0.82355 Z42.9835 C141
G0 X0.82355 Z49.63525 C142
G0 X0.82355 Z49.38185 C143
G0 X0.8869 Z45.45415 C14
G0 X0.8869 Z47.861450000000005 C15
G0 X0.8869 Z47.924800000000005 C16
G0 X0.8869 Z49.4452 C17
G0 X0.8869 Z49.88865 C18
G0 X0.8869 Z44.5039 C19
G0 X0.8869 Z46.5311 C20
G0 X0.8869 Z50.205400000000004 C21
G0 X0.8869 Z42.35 C22
G0 X0.8869 Z46.84785 C23
G0 X0.8869 Z42.66675 C24
G0 X0.8869 Z48.87505 C25
G0 X0.8869 Z46.97455 C26
G0 X0.8869 Z46.6578 C27
G0 X0.8869 Z47.671400000000006 C28
G0 X0.8869 Z47.5447 C29
G0 X0.8869 Z46.2777 C30
G0 X0.8869 Z45.1374 C31
G0 X0.8869 Z47.798100000000005 C32
G0 X0.8869 Z45.5175 C33
G0 X0.8869 Z44.1238 C34
G0 X0.8869 Z45.32745 C35
G0 X0.8869 Z48.241550000000004 C36
G0 X0.8869 Z47.988150000000005 C37
G0 X0.8869 Z44.6306 C38
G0 X0.8869 Z43.1102 C39
G0 X0.8869 Z45.0107 C40
G0 X0.8869 Z45.58085 C41
G0 X0.8869 Z47.0379 C42
G0 X0.8869 Z50.458800000000004 C43
G0 X0.8869 Z45.834250000000004 C44
G0 X0.8869 Z43.426950000000005 C45
G0 X0.8869 Z50.142050000000005 C46
G0 X0.8869 Z42.54005 C47
G0 X0.8869 Z43.93375 C48
G0 X0.8869 Z48.62165 C49
G0 X0.8869 Z47.1646 C50
G0 X0.8869 Z44.44055 C51
G0 X0.8869 Z42.4767 C52
G0 X0.8869 Z45.897600000000004 C53
G0 X0.8869 Z49.00175 C54
G0 X0.8869 Z49.25515 C55
G0 X0.8869 Z43.30025 C56
G0 X0.8869 Z49.12845 C57
G0 X0.8869 Z46.72115 C58
G0 X0.8869 Z43.490300000000005 C59
G0 X0.8869 Z47.60805 C60
G0 X0.8869 Z43.17355 C61
G0 X0.8869 Z48.4316 C62
G0 X0.8869 Z43.3636 C63
G0 X0.8869 Z42.41335 C64
G0 X0.8869 Z46.34105 C65
G0 X0.8869 Z46.7845 C66
G0 X0.8869 Z47.2913 C67
G0 X0.8869 Z46.024300000000004 C68
G0 X0.8869 Z45.2641 C69
G0 X0.8869 Z45.20075 C70
G0 X0.8869 Z49.38185 C71
G0 X0.8869 Z46.46775 C72
G0 X0.8869 Z44.82065 C73
G0 X0.8869 Z46.4044 C74
G0 X0.8869 Z50.5855 C75
G0 X0.8869 Z50.395450000000004 C76
G0 X0.8869 Z46.9112 C77
G0 X0.8869 Z49.0651 C78
G0 X0.8869 Z43.870400000000004 C79
G0 X0.8869 Z47.10125 C80
G0 X0.8869 Z50.52215 C81
G0 X0.8869 Z43.807050000000004 C82
G0 X0.8869 Z44.3772 C83
G0 X0.8869 Z48.051500000000004 C84
G0 X0.8869 Z48.49495 C85
G0 X0.8869 Z44.884 C86
G0 X0.8869 Z49.8253 C87
G0 X0.8869 Z50.332100000000004 C88
G0 X0.8869 Z44.06045 C89
G0 X0.8869 Z42.6034 C90
G0 X0.8869 Z45.07405 C91
G0 X0.8869 Z45.770900000000005 C92
G0 X0.8869 Z45.3908 C93
G0 X0.8869 Z47.734750000000005 C94
G0 X0.8869 Z43.680350000000004 C95
G0 X0.8869 Z48.74835 C96
G0 X0.8869 Z48.114850000000004 C97
G0 X0.8869 Z44.69395 C98
G0 X0.8869 Z45.6442 C99
G0 X0.8869 Z49.6986 C100
G0 X0.8869 Z44.94735 C101
G0 X0.8869 Z49.1918 C102
G0 X0.8869 Z44.56725 C103
G0 X0.8869 Z42.7301 C104
G0 X0.8869 Z46.151 C105
G0 X0.8869 Z45.960950000000004 C106
G0 X0.8869 Z44.2505 C107
G0 X0.8869 Z42.8568 C108
G0 X0.8869 Z50.01535 C109
G0 X0.8869 Z45.707550000000005 C110
G0 X0.8869 Z50.078700000000005 C111
G0 X0.8869 Z42.9835 C112
G0 X0.8869 Z48.178200000000004 C113
G0 X0.8869 Z49.5719 C114
G0 X0.8869 Z49.3185 C115
G0 X0.8869 Z47.418 C116
G0 X0.8869 Z43.553650000000005 C117
G0 X0.8869 Z42.79345 C118
G0 X0.8869 Z43.743700000000004 C119
G0 X0.8869 Z47.35465 C120
G0 X0.8869 Z49.952 C121
G0 X0.8869 Z50.268750000000004 C122
G0 X0.8869 Z48.3049 C123
G0 X0.8869 Z48.8117 C124
G0 X0.8869 Z43.2369 C125
G0 X0.8869 Z47.48135 C126
G0 X0.8869 Z46.21435 C127
G0 X0.8869 Z44.31385 C128
G0 X0.8869 Z49.50855 C129
G0 X0.8869 Z46.087650000000004 C130
G0 X0.8869 Z44.7573 C131
G0 X0.8869 Z49.76195 C132
G0 X0.8869 Z48.5583 C133
G0 X0.8869 Z48.685 C134
G0 X0.8869 Z47.22795 C135
G0 X0.8869 Z46.59445 C136
G0 X0.8869 Z43.617000000000004 C137
G0 X0.8869 Z44.18715 C138
G0 X0.8869 Z43.04685 C139
G0 X0.8869 Z48.36825 C140
G0 X0.8869 Z49.63525 C141
G0 X0.8869 Z42.92015 C142
G0 X0.8869 Z43.9971 C143
G0 X0.8869 Z48.9384 C144
G0 X0.95025 Z43.743700000000004 C15
G0 X0.95025 Z49.38185 C16
G0 X0.95025 Z46.34105 C17
G0 X0.95025 Z46.4044 C18
G0 X0.95025 Z45.5175 C19
G0 X0.95025 Z46.72115 C20
G0 X0.95025 Z47.10125 C21
G0 X0.95025 Z43.617000000000004 C22
G0 X0.95025 Z47.671400000000006 C23
G0 X0.95025 Z46.6578 C24
G0 X0.95025 Z50.268750000000004 C25
G0 X0.95025 Z43.807050000000004 C26
G0 X0.95025 Z45.897600000000004 C27
G0 X0.95025 Z42.9835 C28
G0 X0.95025 Z45.2641 C29
G0 X0.95025 Z43.1102 C30
G0 X0.95025 Z45.58085 C31
G0 X0.95025 Z50.5855 C32
G0 X0.95025 Z47.48135 C33
G0 X0.95025 Z50.205400000000004 C34
G0 X0.95025 Z43.04685 C35
G0 X0.95025 Z44.94735 C36
G0 X0.95025 Z44.7573 C37
G0 X0.95025 Z44.2505 C38
G0 X0.95025 Z43.553650000000005 C39
G0 X0.95025 Z43.93375 C40
G0 X0.95025 Z47.5447 C41
G0 X0.95025 Z45.770900000000005 C42
G0 X0.95025 Z44.69395 C43
G0 X0.95025 Z49.0651 C44
G0 X0.95025 Z46.024300000000004 C45
G0 X0.95025 Z49.25515 C46
G0 X0.95025 Z46.9112 C47
G0 X0.95025 Z50.52215 C48
G0 X0.95025 Z47.924800000000005 C49
G0 X0.95025 Z45.1374 C50
G0 X0.95025 Z46.7845 C51
G0 X0.95025 Z48.9384 C52
G0 X0.95025 Z42.79345 C53
G0 X0.95025 Z44.56725 C54
G0 X0.95025 Z44.31385 C55
G0 X0.95025 Z43.30025 C56
G0 X0.95025 Z49.88865 C57
G0 X0.95025 Z46.087650000000004 C58
G0 X0.95025 Z45.20075 C59
G0 X0.95025 Z44.1238 C60
G0 X0.95025 Z48.8117 C61
G0 X0.95025 Z45.6442 C62
G0 X0.95025 Z50.01535 C63
G0 X0.95025 Z47.798100000000005 C64
G0 X0.95025 Z48.87505 C65
G0 X0.95025 Z47.988150000000005 C66
G0 X0.95025 Z49.952 C67
G0 X0.95025 Z45.0107 C68
G0 X0.95025 Z45.32745 C69
G0 X0.95025 Z47.418 C70
G0 X0.95025 Z48.051500000000004 C71
G0 X0.95025 Z47.0379 C72
G0 X0.95025 Z48.114850000000004 C73
G0 X0.95025 Z42.7301 C74
G0 X0.95025 Z49.63525 C75
G0 X0.95025 Z48.4316 C76
G0 X0.95025 Z43.680350000000004 C77
G0 X0.95025 Z42.8568 C78
G0 X0.95025 Z48.49495 C79
G0 X0.95025 Z42.66675 C80
G0 X0.95025 Z48.5583 C81
G0 X0.95025 Z45.07405 C82
G0 X0.95025 Z50.395450000000004 C83
G0 X0.95025 Z43.9971 C84
G0 X0.95025 Z47.1646 C85
G0 X0.95025 Z44.884 C86
G0 X0.95025 Z42.6034 C87
G0 X0.95025 Z48.62165 C88
G0 X0.95025 Z49.76195 C89
G0 X0.95025 Z45.960950000000004 C90
G0 X0.95025 Z44.06045 C91
G0 X0.95025 Z44.18715 C92
G0 X0.95025 Z46.5311 C93
G0 X0.95025 Z42.35 C94
G0 X0.95025 Z49.00175 C95
G0 X0.95025 Z42.4767 C96
G0 X0.95025 Z47.861450000000005 C97
G0 X0.95025 Z48.241550000000004 C98
G0 X0.95025 Z46.46775 C99
G0 X0.95025 Z43.17355 C100
G0 X0.95025 Z50.332100000000004 C101
G0 X0.95025 Z46.21435 C102
G0 X0.95025 Z47.734750000000005 C103
G0 X0.95025 Z42.41335 C104
G0 X0.95025 Z42.54005 C105
G0 X0.95025 Z43.3636 C106
G0 X0.95025 Z50.078700000000005 C107
G0 X0.95025 Z44.5039 C108
G0 X0.95025 Z45.707550000000005 C109
G0 X0.95025 Z46.151 C110
G0 X0.95025 Z43.2369 C111
G0 X0.95025 Z49.3185 C112
G0 X0.95025 Z47.60805 C113
G0 X0.95025 Z49.12845 C114
G0 X0.95025 Z48.685 C115
G0 X0.95025 Z48.178200000000004 C116
G0 X0.95025 Z46.97455 C117
G0 X0.95025 Z48.3049 C118
G0 X0.95025 Z46.2777 C119
G0 X0.95025 Z43.426950000000005 C120
G0 X0.95025 Z49.6986 C121
G0 X0.95025 Z45.45415 C122
G0 X0.95025 Z48.74835 C123
G0 X0.95025 Z49.8253 C124
G0 X0.95025 Z46.59445 C125
G0 X0.95025 Z50.458800000000004 C126
G0 X0.95025 Z45.834250000000004 C127
G0 X0.95025 Z43.870400000000004 C128
G0 X0.95025 Z44.3772 C129
G0 X0.95025 Z44.6306 C130
G0 X0.95025 Z46.84785 C131
G0 X0.95025 Z44.44055 C132
G0 X0.95025 Z44.82065 C133
G0 X0.95025 Z45.3908 C134
G0 X0.95025 Z49.5719 C135
G0 X0.95025 Z49.50855 C136
G0 X0.95025 Z49.4452 C137
G0 X0.95025 Z47.2913 C138
G0 X0.95025 Z42.92015 C139
G0 X0.95025 Z49.1918 C140
G0 X0.95025 Z48.36825 C141
G0 X0.95025 Z47.35465 C142
G0 X0.95025 Z43.490300000000005 C143
G0 X0.95025 Z47.22795 C144
G0 X0.95025 Z50.142050000000005 C145
G0 X1.0136 Z49.76195 C16
G0 X1.0136 Z48.051500000000004 C17
G0 X1.0136 Z43.93375 C18
G0 X1.0136 Z46.59445 C19
G0 X1.0136 Z45.5175 C20
G0 X1.0136 Z44.884 C21
G0 X1.0136 Z45.45415 C22
G0 X1.0136 Z42.9835 C23
G0 X1.0136 Z48.49495 C24
G0 X1.0136 Z47.1646 C25
G0 X1.0136 Z43.1102 C26
G0 X1.0136 Z49.12845 C27
G0 X1.0136 Z48.74835 C28
G0 X1.0136 Z47.734750000000005 C29
G0 X1.0136 Z48.4316 C30
G0 X1.0136 Z50.078700000000005 C31
G0 X1.0136 Z44.7573 C32
G0 X1.0136 Z42.8568 C33
G0 X1.0136 Z48.62165 C34
G0 X1.0136 Z44.6306 C35
G0 X1.0136 Z48.178200000000004 C36
G0 X1.0136 Z49.4452 C37
G0 X1.0136 Z47.861450000000005 C38
G0 X1.0136 Z42.35 C39
G0 X1.0136 Z46.9112 C40
G0 X1.0136 Z45.3908 C41
G0 X1.0136 Z42.6034 C42
G0 X1.0136 Z45.32745 C43
G0 X1.0136 Z47.10125 C44
G0 X1.0136 Z43.2369 C45
G0 X1.0136 Z47.22795 C46
G0 X1.0136 Z47.48135 C47
G0 X1.0136 Z43.04685 C48
G0 X1.0136 Z42.66675 C49
G0 X1.0136 Z44.18715 C50
G0 X1.0136 Z45.960950000000004 C51
G0 X1.0136 Z43.870400000000004 C52
G0 X1.0136 Z48.3049 C53
G0 X1.0136 Z45.07405 C54
G0 X1.0136 Z45.834250000000004 C55
G0 X1.0136 Z44.82065 C56
G0 X1.0136 Z44.56725 C57
G0 X1.0136 Z47.2913 C58
G0 X1.0136 Z49.3185 C59
G0 X1.0136 Z42.41335 C60
G0 X1.0136 Z50.395450000000004 C61
G0 X1.0136 Z45.6442 C62
G0 X1.0136 Z48.87505 C63
G0 X1.0136 Z43.680350000000004 C64
G0 X1.0136 Z42.7301 C65
G0 X1.0136 Z45.2641 C66
G0 X1.0136 Z50.142050000000005 C67
G0 X1.0136 Z48.114850000000004 C68
G0 X1.0136 Z45.0107 C69
G0 X1.0136 Z48.5583 C70
G0 X1.0136 Z49.8253 C71
G0 X1.0136 Z46.34105 C72
G0 X1.0136 Z49.6986 C73
G0 X1.0136 Z50.205400000000004 C74
G0 X1.0136 Z43.743700000000004 C75
G0 X1.0136 Z43.617000000000004 C76
G0 X1.0136 Z46.6578 C77
G0 X1.0136 Z43.490300000000005 C78
G0 X1.0136 Z43.17355 C79
G0 X1.0136 Z46.46775 C80
G0 X1.0136 Z45.770900000000005 C81
G0 X1.0136 Z42.79345 C82
G0 X1.0136 Z44.2505 C83
G0 X1.0136 Z46.97455 C84
G0 X1.0136 Z44.1238 C85
G0 X1.0136 Z50.268750000000004 C86
G0 X1.0136 Z44.94735 C87
G0 X1.0136 Z45.20075 C88
G0 X1.0136 Z44.31385 C89
G0 X1.0136 Z45.897600000000004 C90
G0 X1.0136 Z46.7845 C91
G0 X1.0136 Z47.35465 C92
G0 X1.0136 Z50.458800000000004 C93
G0 X1.0136 Z49.0651 C94
G0 X1.0136 Z46.72115 C95
G0 X1.0136 Z45.58085 C96
G0 X1.0136 Z47.0379 C97
G0 X1.0136 Z43.807050000000004 C98
G0 X1.0136 Z46.4044 C99
G0 X1.0136 Z43.9971 C100
G0 X1.0136 Z49.1918 C101
G0 X1.0136 Z48.9384 C102
G0 X1.0136 Z50.5855 C103
G0 X1.0136 Z44.5039 C104
G0 X1.0136 Z47.60805 C105
G0 X1.0136 Z48.8117 C106
G0 X1.0136 Z43.3636 C107
G0 X1.0136 Z42.54005 C108
G0 X1.0136 Z47.988150000000005 C109
G0 X1.0136 Z49.63525 C110
G0 X1.0136 Z47.671400000000006 C111
G0 X1.0136 Z47.798100000000005 C112
G0 X1.0136 Z46.2777 C113
G0 X1.0136 Z49.25515 C114
G0 X1.0136 Z47.418 C115
G0 X1.0136 Z46.024300000000004 C116
G0 X1.0136 Z50.52215 C117
G0 X1.0136 Z43.553650000000005 C118
G0 X1.0136 Z49.5719 C119
G0 X1.0136 Z49.88865 C120
G0 X1.0136 Z44.06045 C121
G0 X1.0136 Z49.50855 C122
G0 X1.0136 Z48.241550000000004 C123
G0 X1.0136 Z48.36825 C124
G0 X1.0136 Z49.952 C125
G0 X1.0136 Z43.30025 C126
G0 X1.0136 Z42.92015 C127
G0 X1.0136 Z46.151 C128
G0 X1.0136 Z50.332100000000004 C129
G0 X1.0136 Z46.5311 C130
G0 X1.0136 Z44.44055 C131
G0 X1.0136 Z43.426950000000005 C132
G0 X1.0136 Z50.01535 C133
G0 X1.0136 Z42.4767 C134
G0 X1.0136 Z46.84785 C135
G0 X1.0136 Z46.21435 C136
G0 X1.0136 Z47.5447 C137
G0 X1.0136 Z45.707550000000005 C138
G0 X1.0136 Z46.087650000000004 C139
G0 X1.0136 Z48.685 C140
G0 X1.0136 Z47.924800000000005 C141
G0 X1.0136 Z44.69395 C142
G0 X1.0136 Z49.00175 C143
G0 X1.0136 Z45.1374 C144
G0 X1.0136 Z49.38185 C145
G0 X1.0136 Z44.3772 C146
G0 X1.07695 Z42.92015 C17
G0 X1.07695 Z43.807050000000004 C18
G0 X1.07695 Z44.7573 C19
G0 X1.07695 Z43.93375 C20
G0 X1.07695 Z42.7301 C21
G0 X1.07695 Z46.9112 C22
G0 X1.07695 Z50.142050000000005 C23
G0 X1.07695 Z45.707550000000005 C24
G0 X1.07695 Z49.88865 C25
G0 X1.07695 Z45.07405 C26
G0 X1.07695 Z50.268750000000004 C27
G0 X1.07695 Z43.2369 C28
G0 X1.07695 Z50.332100000000004 C29
G0 X1.07695 Z49.4452 C30
G0 X1.07695 Z47.734750000000005 C31
G0 X1.07695 Z46.84785 C32
G0 X1.07695 Z48.241550000000004 C33
G0 X1.07695 Z44.3772 C34
G0 X1.07695 Z46.34105 C35
G0 X1.07695 Z48.49495 C36
G0 X1.07695 Z50.01535 C37
G0 X1.07695 Z44.884 C38
G0 X1.07695 Z47.48135 C39
G0 X1.07695 Z43.680350000000004 C40
G0 X1.07695 Z45.32745 C41
G0 X1.07695 Z46.5311 C42
G0 X1.07695 Z43.553650000000005 C43
G0 X1.07695 Z43.1102 C44
G0 X1.07695 Z47.0379 C45
G0 X1.07695 Z44.5039 C46
G0 X1.07695 Z44.6306 C47
G0 X1.07695 Z43.30025 C48
G0 X1.07695 Z45.45415 C49
G0 X1.07695 Z45.897600000000004 C50
G0 X1.07695 Z45.5175 C51
G0 X1.07695 Z47.35465 C52
G0 X1.07695 Z48.74835 C53
G0 X1.07695 Z49.63525 C54
G0 X1.07695 Z50.458800000000004 C55
G0 X1.07695 Z42.66675 C56
G0 X1.07695 Z45.58085 C57
G0 X1.07695 Z49.952 C58
G0 X1.07695 Z48.8117 C59
G0 X1.07695 Z50.078700000000005 C60
G0 X1.07695 Z49.5719 C61
G0 X1.07695 Z44.31385 C62
G0 X1.07695 Z49.0651 C63
G0 X1.07695 Z42.4767 C64
G0 X1.07695 Z46.2777 C65
G0 X1.07695 Z42.6034 C66
G0 X1.07695 Z43.17355 C67
G0 X1.07695 Z50.52215 C68
G0 X1.07695 Z46.46775 C69
G0 X1.07695 Z50.5855 C70
G0 X1.07695 Z49.38185 C71
G0 X1.07695 Z43.743700000000004 C72
G0 X1.07695 Z48.051500000000004 C73
G0 X1.07695 Z46.97455 C74
G0 X1.07695 Z45.2641 C75
G0 X1.07695 Z49.00175 C76
G0 X1.07695 Z47.671400000000006 C77
G0 X1.07695 Z43.9971 C78
G0 X1.07695 Z44.56725 C79
G0 X1.07695 Z50.205400000000004 C80
G0 X1.07695 Z42.8568 C81
G0 X1.07695 Z50.395450000000004 C82
G0 X1.07695 Z46.087650000000004 C83
G0 X1.07695 Z47.798100000000005 C84
G0 X1.07695 Z47.2913 C85
G0 X1.07695 Z45.3908 C86
G0 X1.07695 Z44.2505 C87
G0 X1.07695 Z46.4044 C88
G0 X1.07695 Z48.9384 C89
G0 X1.07695 Z46.024300000000004 C90
G0 X1.07695 Z47.5447 C91
G0 X1.07695 Z43.3636 C92
G0 X1.07695 Z45.770900000000005 C93
G0 X1.07695 Z42.79345 C94
G0 X1.07695 Z45.0107 C95
G0 X1.07695 Z45.20075 C96
G0 X1.07695 Z44.06045 C97
G0 X1.07695 Z42.9835 C98
G0 X1.07695 Z47.988150000000005 C99
G0 X1.07695 Z42.54005 C100
G0 X1.07695 Z47.10125 C101
G0 X1.07695 Z49.6986 C102
G0 X1.07695 Z49.50855 C103
G0 X1.07695 Z42.35 C104
G0 X1.07695 Z47.924800000000005 C105
G0 X1.07695 Z48.4316 C106
G0 X1.07695 Z44.44055 C107
G0 X1.07695 Z46.6578 C108
G0 X1.07695 Z43.490300000000005 C109
G0 X1.07695 Z48.5583 C110
G0 X1.07695 Z44.18715 C111
G0 X1.07695 Z46.21435 C112
G0 X1.07695 Z45.1374 C113
G0 X1.07695 Z46.72115 C114
G0 X1.07695 Z48.87505 C115
G0 X1.07695 Z46.7845 C116
G0 X1.07695 Z47.1646 C117
G0 X1.07695 Z43.04685 C118
G0 X1.07695 Z44.94735 C119
G0 X1.07695 Z47.60805 C120
G0 X1.07695 Z43.617000000000004 C121
G0 X1.07695 Z49.3185 C122
G0 X1.07695 Z48.3049 C123
G0 X1.07695 Z48.114850000000004 C124
G0 X1.07695 Z47.418 C125
G0 X1.07695 Z49.8253 C126
G0 X1.07695 Z47.22795 C127
G0 X1.07695 Z49.12845 C128
G0 X1.07695 Z42.41335 C129
G0 X1.07695 Z48.62165 C130
G0 X1.07695 Z44.69395 C131
G0 X1.07695 Z45.834250000000004 C132
G0 X1.07695 Z43.426950000000005 C133
G0 X1.07695 Z43.870400000000004 C134
G0 X1.07695 Z45.6442 C135
G0 X1.07695 Z47.861450000000005 C136
G0 X1.07695 Z46.59445 C137
G0 X1.07695 Z45.960950000000004 C138
G0 X1.07695 Z48.685 C139
G0 X1.07695 Z48.36825 C140
G0 X1.07695 Z49.25515 C141
G0 X1.07695 Z44.1238 C142
G0 X1.07695 Z46.151 C143
G0 X1.07695 Z49.76195 C144
G0 X1.07695 Z44.82065 C145
G0 X1.07695 Z49.1918 C146
G0 X1.07695 Z48.178200000000004 C147
G0 X1.1403 Z46.84785 C18
G0 X1.1403 Z45.0107 C19
G0 X1.1403 Z49.76195 C20
G0 X1.1403 Z48.3049 C21
G0 X1.1403 Z47.924800000000005 C22
G0 X1.1403 Z43.2369 C23
G0 X1.1403 Z45.770900000000005 C24
G0 X1.1403 Z46.7845 C25
G0 X1.1403 Z45.3908 C26
G0 X1.1403 Z46.34105 C27
G0 X1.1403 Z44.18715 C28
G0 X1.1403 Z47.671400000000006 C29
G0 X1.1403 Z43.490300000000005 C30
G0 X1.1403 Z50.52215 C31
G0 X1.1403 Z43.743700000000004 C32
G0 X1.1403 Z47.418 C33
G0 X1.1403 Z49.25515 C34
G0 X1.1403 Z45.5175 C35
G0 X1.1403 Z43.93375 C36
G0 X1.1403 Z42.92015 C37
G0 X1.1403 Z43.9971 C38
G0 X1.1403 Z48.49495 C39
G0 X1.1403 Z46.4044 C40
G0 X1.1403 Z46.46775 C41
G0 X1.1403 Z43.680350000000004 C42
G0 X1.1403 Z45.32745 C43
G0 X1.1403 Z49.1918 C44
G0 X1.1403 Z46.97455 C45
G0 X1.1403 Z49.0651 C46
G0 X1.1403 Z43.870400000000004 C47
G0 X1.1403 Z46.59445 C48
G0 X1.1403 Z43.426950000000005 C49
G0 X1.1403 Z45.834250000000004 C50
G0 X1.1403 Z44.6306 C51
G0 X1.1403 Z47.988150000000005 C52
G0 X1.1403 Z49.63525 C53
G0 X1.1403 Z44.7573 C54
G0 X1.1403 Z43.04685 C55
G0 X1.1403 Z45.897600000000004 C56
G0 X1.1403 Z46.087650000000004 C57
G0 X1.1403 Z44.06045 C58
G0 X1.1403 Z48.36825 C59
G0 X1.1403 Z50.5855 C60
G0 X1.1403 Z42.35 C61
G0 X1.1403 Z42.8568 C62
G0 X1.1403 Z45.20075 C63
G0 X1.1403 Z45.1374 C64
G0 X1.1403 Z44.2505 C65
G0 X1.1403 Z44.31385 C66
G0 X1.1403 Z50.205400000000004 C67
G0 X1.1403 Z48.685 C68
G0 X1.1403 Z45.6442 C69
G0 X1.1403 Z49.38185 C70
G0 X1.1403 Z45.07405 C71
G0 X1.1403 Z44.5039 C72
G0 X1.1403 Z45.45415 C73
G0 X1.1403 Z45.58085 C74
G0 X1.1403 Z50.01535 C75
G0 X1.1403 Z49.952 C76
G0 X1.1403 Z48.051500000000004 C77
G0 X1.1403 Z44.44055 C78
G0 X1.1403 Z49.5719 C79
G0 X1.1403 Z49.88865 C80
G0 X1.1403 Z47.10125 C81
G0 X1.1403 Z43.1102 C82
G0 X1.1403 Z43.3636 C83
G0 X1.1403 Z47.35465 C84
G0 X1.1403 Z43.807050000000004 C85
G0 X1.1403 Z47.22795 C86
G0 X1.1403 Z47.861450000000005 C87
G0 X1.1403 Z48.5583 C88
G0 X1.1403 Z50.458800000000004 C89
G0 X1.1403 Z48.9384 C90
G0 X1.1403 Z42.66675 C91
G0 X1.1403 Z46.6578 C92
G0 X1.1403 Z44.69395 C93
G0 X1.1403 Z48.87505 C94
G0 X1.1403 Z49.00175 C95
G0 X1.1403 Z50.078700000000005 C96
G0 X1.1403 Z42.54005 C97
G0 X1.1403 Z42.6034 C98
G0 X1.1403 Z48.178200000000004 C99
G0 X1.1403 Z47.798100000000005 C100
G0 X1.1403 Z48.62165 C101
G0 X1.1403 Z49.50855 C102
G0 X1.1403 Z47.48135 C103
G0 X1.1403 Z45.2641 C104
G0 X1.1403 Z46.5311 C105
G0 X1.1403 Z48.8117 C106
G0 X1.1403 Z49.8253 C107
G0 X1.1403 Z46.151 C108
G0 X1.1403 Z46.2777 C109
G0 X1.1403 Z50.142050000000005 C110
G0 X1.1403 Z42.9835 C111
G0 X1.1403 Z47.1646 C112
G0 X1.1403 Z46.9112 C113
G0 X1.1403 Z43.30025 C114
G0 X1.1403 Z47.60805 C115
G0 X1.1403 Z42.7301 C116
G0 X1.1403 Z45.707550000000005 C117
G0 X1.1403 Z46.024300000000004 C118
G0 X1.1403 Z44.82065 C119
G0 X1.1403 Z44.56725 C120
G0 X1.1403 Z46.21435 C121
G0 X1.1403 Z48.74835 C122
G0 X1.1403 Z47.2913 C123
G0 X1.1403 Z50.332100000000004 C124
G0 X1.1403 Z47.0379 C125
G0 X1.1403 Z49.12845 C126
G0 X1.1403 Z43.17355 C127
G0 X1.1403 Z47.5447 C128
G0 X1.1403 Z49.4452 C129
G0 X1.1403 Z42.41335 C130
G0 X1.1403 Z44.94735 C131
G0 X1.1403 Z42.79345 C132
G0 X1.1403 Z50.268750000000004 C133
G0 X1.1403 Z45.960950000000004 C134
G0 X1.1403 Z48.241550000000004 C135
G0 X1.1403 Z43.553650000000005 C136
G0 X1.1403 Z46.72115 C137
G0 X1.1403 Z49.3185 C138
G0 X1.1403 Z48.4316 C139
G0 X1.1403 Z48.114850000000004 C140
G0 X1.1403 Z50.395450000000004 C141
G0 X1.1403 Z43.617000000000004 C142
G0 X1.1403 Z44.3772 C143
G0 X1.1403 Z42.4767 C144
G0 X1.1403 Z49.6986 C145
G0 X1.1403 Z47.734750000000005 C146
G0 X1.1403 Z44.884 C147
G0 X1.1403 Z44.1238 C148
G0 X1.20365 Z45.45415 C19
G0 X1.20365 Z49.76195 C20
G0 X1.20365 Z48.685 C21
G0 X1.20365 Z44.884 C22
G0 X1.20365 Z44.7573 C23
G0 X1.20365 Z46.34105 C24
G0 X1.20365 Z47.734750000000005 C25
G0 X1.20365 Z43.3636 C26
G0 X1.20365 Z46.4044 C27
G0 X1.20365 Z46.21435 C28
G0 X1.20365 Z43.553650000000005 C29
G0 X1.20365 Z47.798100000000005 C30
G0 X1.20365 Z42.92015 C31
G0 X1.20365 Z45.960950000000004 C32
G0 X1.20365 Z45.2641 C33
G0 X1.20365 Z45.20075 C34
G0 X1.20365 Z47.2913 C35
G0 X1.20365 Z45.32745 C36
G0 X1.20365 Z50.078700000000005 C37
G0 X1.20365 Z46.6578 C38
G0 X1.20365 Z44.94735 C39
G0 X1.20365 Z49.00175 C40
G0 X1.20365 Z46.087650000000004 C41
G0 X1.20365 Z44.18715 C42
G0 X1.20365 Z49.8253 C43
G0 X1.20365 Z47.418 C44
G0 X1.20365 Z50.52215 C45
G0 X1.20365 Z44.1238 C46
G0 X1.20365 Z48.87505 C47
G0 X1.20365 Z45.0107 C48
G0 X1.20365 Z44.3772 C49
G0 X1.20365 Z50.01535 C50
G0 X1.20365 Z46.46775 C51
G0 X1.20365 Z49.12845 C52
G0 X1.20365 Z49.952 C53
G0 X1.20365 Z47.5447 C54
G0 X1.20365 Z42.4767 C55
G0 X1.20365 Z46.2777 C56
G0 X1.20365 Z44.2505 C57
G0 X1.20365 Z43.743700000000004 C58
G0 X1.20365 Z42.7301 C59
G0 X1.20365 Z47.861450000000005 C60
G0 X1.20365 Z45.3908 C61
G0 X1.20365 Z48.9384 C62
G0 X1.20365 Z48.241550000000004 C63
G0 X1.20365 Z42.66675 C64
G0 X1.20365 Z46.5311 C65
G0 X1.20365 Z49.88865 C66
G0 X1.20365 Z46.97455 C67
G0 X1.20365 Z44.69395 C68
G0 X1.20365 Z50.268750000000004 C69
G0 X1.20365 Z48.5583 C70
G0 X1.20365 Z43.870400000000004 C71
G0 X1.20365 Z43.04685 C72
G0 X1.20365 Z48.36825 C73
G0 X1.20365 Z43.426950000000005 C74
G0 X1.20365 Z50.395450000000004 C75
G0 X1.20365 Z48.4316 C76
G0 X1.20365 Z49.6986 C77
G0 X1.20365 Z42.41335 C78
G0 X1.20365 Z42.9835 C79
G0 X1.20365 Z49.3185 C80
G0 X1.20365 Z50.205400000000004 C81
G0 X1.20365 Z47.924800000000005 C82
G0 X1.20365 Z47.988150000000005 C83
G0 X1.20365 Z44.56725 C84
G0 X1.20365 Z47.35465 C85
G0 X1.20365 Z46.72115 C86
G0 X1.20365 Z47.22795 C87
G0 X1.20365 Z42.8568 C88
G0 X1.20365 Z49.0651 C89
G0 X1.20365 Z48.051500000000004 C90
G0 X1.20365 Z47.10125 C91
G0 X1.20365 Z49.63525 C92
G0 X1.20365 Z42.35 C93
G0 X1.20365 Z47.671400000000006 C94
G0 X1.20365 Z45.834250000000004 C95
G0 X1.20365 Z49.50855 C96
G0 X1.20365 Z43.93375 C97
G0 X1.20365 Z44.5039 C98
G0 X1.20365 Z44.31385 C99
G0 X1.20365 Z43.2369 C100
G0 X1.20365 Z46.84785 C101
G0 X1.20365 Z43.617000000000004 C102
G0 X1.20365 Z49.1918 C103
G0 X1.20365 Z43.17355 C104
G0 X1.20365 Z45.770900000000005 C105
G0 X1.20365 Z44.44055 C106
G0 X1.20365 Z50.142050000000005 C107
G0 X1.20365 Z48.3049 C108
G0 X1.20365 Z43.680350000000004 C109
G0 X1.20365 Z45.6442 C110
G0 X1.20365 Z50.5855 C111
G0 X1.20365 Z45.58085 C112
G0 X1.20365 Z48.8117 C113
G0 X1.20365 Z46.151 C114
G0 X1.20365 Z43.30025 C115
G0 X1.20365 Z48.114850000000004 C116
G0 X1.20365 Z48.178200000000004 C117
G0 X1.20365 Z45.1374 C118
G0 X1.20365 Z47.1646 C119
G0 X1.20365 Z43.9971 C120
G0 X1.20365 Z49.25515 C121
G0 X1.20365 Z47.0379 C122
G0 X1.20365 Z50.332100000000004 C123
G0 X1.20365 Z43.490300000000005 C124
G0 X1.20365 Z44.06045 C125
G0 X1.20365 Z48.62165 C126
G0 X1.20365 Z49.5719 C127
G0 X1.20365 Z42.79345 C128
G0 X1.20365 Z44.82065 C129
G0 X1.20365 Z48.49495 C130
G0 X1.20365 Z50.458800000000004 C131
G0 X1.20365 Z47.48135 C132
G0 X1.20365 Z45.897600000000004 C133
G0 X1.20365 Z45.5175 C134
G0 X1.20365 Z49.38185 C135
G0 X1.20365 Z48.74835 C136
G0 X1.20365 Z47.60805 C137
G0 X1.20365 Z46.7845 C138
G0 X1.20365 Z46.59445 C139
G0 X1.20365 Z46.024300000000004 C140
G0 X1.20365 Z42.54005 C141
G0 X1.20365 Z45.07405 C142
G0 X1.20365 Z44.6306 C143
G0 X1.20365 Z43.807050000000004 C144
G0 X1.20365 Z45.707550000000005 C145
G0 X1.20365 Z43.1102 C146
G0 X1.20365 Z46.9112 C147
G0 X1.20365 Z49.4452 C148
G0 X1.20365 Z42.6034 C149
G0 X1.2670000000000001 Z45.32745 C20
G0 X1.2670000000000001 Z42.8568 C21
G0 X1.2670000000000001 Z50.458800000000004 C22
G0 X1.2670000000000001 Z50.078700000000005 C23
G0 X1.2670000000000001 Z45.834250000000004 C24
G0 X1.2670000000000001 Z46.84785 C25
G0 X1.2670000000000001 Z45.707550000000005 C26
G0 X1.2670000000000001 Z47.5447 C27
G0 X1.2670000000000001 Z43.2369 C28
G0 X1.2670000000000001 Z49.38185 C29
G0 X1.2670000000000001 Z42.92015 C30
G0 X1.2670000000000001 Z44.69395 C31
G0 X1.2670000000000001 Z44.5039 C32
G0 X1.2670000000000001 Z48.49495 C33
G0 X1.2670000000000001 Z46.151 C34
G0 X1.2670000000000001 Z47.418 C35
G0 X1.2670000000000001 Z48.62165 C36
G0 X1.2670000000000001 Z48.9384 C37
G0 X1.2670000000000001 Z45.45415 C38
G0 X1.2670000000000001 Z46.2777 C39
G0 X1.2670000000000001 Z44.18715 C40
G0 X1.2670000000000001 Z44.6306 C41
G0 X1.2670000000000001 Z45.897600000000004 C42
G0 X1.2670000000000001 Z42.4767 C43
G0 X1.2670000000000001 Z45.770900000000005 C44
G0 X1.2670000000000001 Z50.142050000000005 C45
G0 X1.2670000000000001 Z47.2913 C46
G0 X1.2670000000000001 Z49.1918 C47
G0 X1.2670000000000001 Z44.56725 C48
G0 X1.2670000000000001 Z48.5583 C49
G0 X1.2670000000000001 Z44.7573 C50
G0 X1.2670000000000001 Z49.3185 C51
G0 X1.2670000000000001 Z42.79345 C52
G0 X1.2670000000000001 Z47.0379 C53
G0 X1.2670000000000001 Z44.82065 C54
G0 X1.2670000000000001 Z44.94735 C55
G0 X1.2670000000000001 Z50.332100000000004 C56
G0 X1.2670000000000001 Z43.680350000000004 C57
G0 X1.2670000000000001 Z45.2641 C58
G0 X1.2670000000000001 Z48.8117 C59
G0 X1.2670000000000001 Z47.734750000000005 C60
G0 X1.2670000000000001 Z46.087650000000004 C61
G0 X1.2670000000000001 Z49.4452 C62
G0 X1.2670000000000001 Z47.671400000000006 C63
G0 X1.2670000000000001 Z42.54005 C64
G0 X1.2670000000000001 Z43.490300000000005 C65
G0 X1.2670000000000001 Z46.46775 C66
G0 X1.2670000000000001 Z43.3636 C67
G0 X1.2670000000000001 Z43.1102 C68
G0 X1.2670000000000001 Z47.1646 C69
G0 X1.2670000000000001 Z47.861450000000005 C70
G0 X1.2670000000000001 Z47.924800000000005 C71
G0 X1.2670000000000001 Z44.2505 C72
G0 X1.2670000000000001 Z42.9835 C73
G0 X1.2670000000000001 Z43.743700000000004 C74
G0 X1.2670000000000001 Z46.34105 C75
G0 X1.2670000000000001 Z48.178200000000004 C76
G0 X1.2670000000000001 Z49.8253 C77
G0 X1.2670000000000001 Z50.268750000000004 C78
G0 X1.2670000000000001 Z45.07405 C79
G0 X1.2670000000000001 Z44.31385 C80
G0 X1.2670000000000001 Z50.52215 C81
G0 X1.2670000000000001 Z46.6578 C82
G0 X1.2670000000000001 Z49.50855 C83
G0 X1.2670000000000001 Z42.41335 C84
G0 X1.2670000000000001 Z44.3772 C85
G0 X1.2670000000000001 Z45.0107 C86
G0 X1.2670000000000001 Z48.3049 C87
G0 X1.2670000000000001 Z48.241550000000004 C88
G0 X1.2670000000000001 Z42.66675 C89
G0 X1.2670000000000001 Z49.0651 C90
G0 X1.2670000000000001 Z47.35465 C91
G0 X1.2670000000000001 Z44.44055 C92
G0 X1.2670000000000001 Z46.97455 C93
G0 X1.2670000000000001 Z49.6986 C94
G0 X1.2670000000000001 Z46.5311 C95
G0 X1.2670000000000001 Z48.74835 C96
G0 X1.2670000000000001 Z43.426950000000005 C97
G0 X1.2670000000000001 Z45.20075 C98
G0 X1.2670000000000001 Z45.1374 C99
G0 X1.2670000000000001 Z43.04685 C100
G0 X1.2670000000000001 Z48.87505 C101
G0 X1.2670000000000001 Z43.617000000000004 C102
G0 X1.2670000000000001 Z43.30025 C103
G0 X1.2670000000000001 Z48.36825 C104
G0 X1.2670000000000001 Z48.4316 C105
G0 X1.2670000000000001 Z49.5719 C106
G0 X1.2670000000000001 Z44.884 C107
G0 X1.2670000000000001 Z42.7301 C108
G0 X1.2670000000000001 Z43.9971 C109
G0 X1.2670000000000001 Z46.7845 C110
G0 X1.2670000000000001 Z47.798100000000005 C111
G0 X1.2670000000000001 Z49.00175 C112
G0 X1.2670000000000001 Z50.395450000000004 C113
G0 X1.2670000000000001 Z42.35 C114
G0 X1.2670000000000001 Z43.807050000000004 C115
G0 X1.2670000000000001 Z43.17355 C116
G0 X1.2670000000000001 Z46.024300000000004 C117
G0 X1.2670000000000001 Z48.051500000000004 C118
G0 X1.2670000000000001 Z45.58085 C119
G0 X1.2670000000000001 Z44.1238 C120
G0 X1.2670000000000001 Z45.960950000000004 C121
G0 X1.2670000000000001 Z47.60805 C122
G0 X1.2670000000000001 Z49.12845 C123
G0 X1.2670000000000001 Z42.6034 C124
G0 X1.2670000000000001 Z43.870400000000004 C125
G0 X1.2670000000000001 Z43.93375 C126
G0 X1.2670000000000001 Z49.952 C127
G0 X1.2670000000000001 Z46.21435 C128
G0 X1.2670000000000001 Z47.48135 C129
G0 X1.2670000000000001 Z50.205400000000004 C130
G0 X1.2670000000000001 Z49.76195 C131
G0 X1.2670000000000001 Z45.5175 C132
G0 X1.2670000000000001 Z45.6442 C133
G0 X1.2670000000000001 Z44.06045 C134
G0 X1.2670000000000001 Z47.10125 C135
G0 X1.2670000000000001 Z49.25515 C136
G0 X1.2670000000000001 Z50.01535 C137
G0 X1.2670000000000001 Z47.22795 C138
G0 X1.2670000000000001 Z47.988150000000005 C139
G0 X1.2670000000000001 Z49.88865 C140
G0 X1.2670000000000001 Z49.63525 C141
G0 X1.2670000000000001 Z46.72115 C142
G0 X1.2670000000000001 Z46.4044 C143
G0 X1.2670000000000001 Z45.3908 C144
G0 X1.2670000000000001 Z46.59445 C145
G0 X1.2670000000000001 Z48.685 C146
G0 X1.2670000000000001 Z48.114850000000004 C147
G0 X1.2670000000000001 Z43.553650000000005 C148
G0 X1.2670000000000001 Z50.5855 C149
G0 X1.2670000000000001 Z46.9112 C150
G0 X1.3303500000000001 Z44.69395 C21
G0 X1.3303500000000001 Z49.5719 C22
G0 X1.3303500000000001 Z49.38185 C23
G0 X1.3303500000000001 Z44.94735 C24
G0 X1.3303500000000001 Z50.078700000000005 C25
G0 X1.3303500000000001 Z46.84785 C26
G0 X1.3303500000000001 Z49.76195 C27
G0 X1.3303500000000001 Z46.7845 C28
G0 X1.3303500000000001 Z43.617000000000004 C29
G0 X1.3303500000000001 Z44.44055 C30
G0 X1.3303500000000001 Z45.897600000000004 C31
G0 X1.3303500000000001 Z48.051500000000004 C32
G0 X1.3303500000000001 Z48.3049 C33
G0 X1.3303500000000001 Z48.4316 C34
G0 X1.3303500000000001 Z47.48135 C35
G0 X1.3303500000000001 Z42.66675 C36
G0 X1.3303500000000001 Z47.671400000000006 C37
G0 X1.3303500000000001 Z44.31385 C38
G0 X1.3303500000000001 Z46.151 C39
G0 X1.3303500000000001 Z44.56725 C40
G0 X1.3303500000000001 Z50.5855 C41
G0 X1.3303500000000001 Z48.685 C42
G0 X1.3303500000000001 Z46.59445 C43
G0 X1.3303500000000001 Z46.2777 C44
G0 X1.3303500000000001 Z44.82065 C45
G0 X1.3303500000000001 Z42.35 C46
G0 X1.3303500000000001 Z46.34105 C47
G0 X1.3303500000000001 Z50.395450000000004 C48
G0 X1.3303500000000001 Z47.734750000000005 C49
G0 X1.3303500000000001 Z46.5311 C50
G0 X1.3303500000000001 Z42.54005 C51
G0 X1.3303500000000001 Z50.458800000000004 C52
G0 X1.3303500000000001 Z43.30025 C53
G0 X1.3303500000000001 Z47.10125 C54
G0 X1.3303500000000001 Z49.8253 C55
G0 X1.3303500000000001 Z43.04685 C56
G0 X1.3303500000000001 Z43.9971 C57
G0 X1.3303500000000001 Z45.2641 C58
G0 X1.3303500000000001 Z45.707550000000005 C59
G0 X1.3303500000000001 Z46.6578 C60
G0 X1.3303500000000001 Z49.6986 C61
G0 X1.3303500000000001 Z50.205400000000004 C62
G0 X1.3303500000000001 Z47.924800000000005 C63
G0 X1.3303500000000001 Z46.4044 C64
G0 X1.3303500000000001 Z48.74835 C65
G0 X1.3303500000000001 Z47.798100000000005 C66
G0 X1.3303500000000001 Z47.22795 C67
G0 X1.3303500000000001 Z42.6034 C68
G0 X1.3303500000000001 Z46.97455 C69
G0 X1.3303500000000001 Z47.0379 C70
G0 X1.3303500000000001 Z44.5039 C71
G0 X1.3303500000000001 Z42.9835 C72
G0 X1.3303500000000001 Z43.807050000000004 C73
G0 X1.3303500000000001 Z48.62165 C74
G0 X1.3303500000000001 Z46.024300000000004 C75
G0 X1.3303500000000001 Z47.1646 C76
G0 X1.3303500000000001 Z47.35465 C77
G0 X1.3303500000000001 Z49.25515 C78
G0 X1.3303500000000001 Z43.93375 C79
G0 X1.3303500000000001 Z44.1238 C80
G0 X1.3303500000000001 Z48.49495 C81
G0 X1.3303500000000001 Z50.268750000000004 C82
G0 X1.3303500000000001 Z44.18715 C83
G0 X1.3303500000000001 Z45.45415 C84
G0 X1.3303500000000001 Z49.0651 C85
G0 X1.3303500000000001 Z49.88865 C86
G0 X1.3303500000000001 Z49.3185 C87
G0 X1.3303500000000001 Z48.9384 C88
G0 X1.3303500000000001 Z45.834250000000004 C89
G0 X1.3303500000000001 Z43.3636 C90
G0 X1.3303500000000001 Z44.6306 C91
G0 X1.3303500000000001 Z48.87505 C92
G0 X1.3303500000000001 Z48.36825 C93
G0 X1.3303500000000001 Z44.7573 C94
G0 X1.3303500000000001 Z43.490300000000005 C95
G0 X1.3303500000000001 Z49.50855 C96
G0 X1.3303500000000001 Z43.870400000000004 C97
G0 X1.3303500000000001 Z44.3772 C98
G0 X1.3303500000000001 Z43.17355 C99
G0 X1.3303500000000001 Z47.418 C100
G0 X1.3303500000000001 Z43.426950000000005 C101
G0 X1.3303500000000001 Z47.988150000000005 C102
G0 X1.3303500000000001 Z45.6442 C103
G0 X1.3303500000000001 Z43.2369 C104
G0 X1.3303500000000001 Z42.79345 C105
G0 X1.3303500000000001 Z43.1102 C106
G0 X1.3303500000000001 Z42.8568 C107
G0 X1.3303500000000001 Z46.72115 C108
G0 X1.3303500000000001 Z43.743700000000004 C109
G0 X1.3303500000000001 Z48.178200000000004 C110
G0 X1.3303500000000001 Z48.241550000000004 C111
G0 X1.3303500000000001 Z46.21435 C112
G0 X1.3303500000000001 Z47.861450000000005 C113
G0 X1.3303500000000001 Z50.332100000000004 C114
G0 X1.3303500000000001 Z45.960950000000004 C115
G0 X1.3303500000000001 Z49.952 C116
G0 X1.3303500000000001 Z45.07405 C117
G0 X1.3303500000000001 Z50.01535 C118
G0 X1.3303500000000001 Z45.0107 C119
G0 X1.3303500000000001 Z49.63525 C120
G0 X1.3303500000000001 Z48.5583 C121
G0 X1.3303500000000001 Z47.2913 C122
G0 X1.3303500000000001 Z47.60805 C123
G0 X1.3303500000000001 Z45.20075 C124
G0 X1.3303500000000001 Z43.553650000000005 C125
G0 X1.3303500000000001 Z45.32745 C126
G0 X1.3303500000000001 Z42.7301 C127
G0 X1.3303500000000001 Z49.4452 C128
G0 X1.3303500000000001 Z45.58085 C129
G0 X1.3303500000000001 Z48.8117 C130
G0 X1.3303500000000001 Z42.41335 C131
G0 X1.3303500000000001 Z43.680350000000004 C132
G0 X1.3303500000000001 Z49.00175 C133
G0 X1.3303500000000001 Z49.1918 C134
G0 X1.3303500000000001 Z46.087650000000004 C135
G0 X1.3303500000000001 Z42.4767 C136
G0 X1.3303500000000001 Z46.46775 C137
G0 X1.3303500000000001 Z50.142050000000005 C138
G0 X1.3303500000000001 Z46.9112 C139
G0 X1.3303500000000001 Z48.114850000000004 C140
G0 X1.3303500000000001 Z45.5175 C141
G0 X1.3303500000000001 Z47.5447 C142
G0 X1.3303500000000001 Z44.884 C143
G0 X1.3303500000000001 Z45.770900000000005 C144
G0 X1.3303500000000001 Z49.12845 C145
G0 X1.3303500000000001 Z44.06045 C146
G0 X1.3303500000000001 Z44.2505 C147
G0 X1.3303500000000001 Z50.52215 C148
G0 X1.3303500000000001 Z42.92015 C149
G0 X1.3303500000000001 Z45.1374 C150
G0 X1.3303500000000001 Z45.3908 C151
G0 X1.3937000000000002 Z43.743700000000004 C22
G0 X1.3937000000000002 Z50.268750000000004 C23
G0 X1.3937000000000002 Z46.59445 C24
G0 X1.3937000000000002 Z47.5447 C25
G0 X1.3937000000000002 Z47.734750000000005 C26
G0 X1.3937000000000002 Z46.6578 C27
G0 X1.3937000000000002 Z47.10125 C28
G0 X1.3937000000000002 Z44.44055 C29
G0 X1.3937000000000002 Z42.66675 C30
G0 X1.3937000000000002 Z44.6306 C31
G0 X1.3937000000000002 Z47.0379 C32
G0 X1.3937000000000002 Z42.54005 C33
G0 X1.3937000000000002 Z45.770900000000005 C34
G0 X1.3937000000000002 Z44.18715 C35
G0 X1.3937000000000002 Z50.205400000000004 C36
G0 X1.3937000000000002 Z47.1646 C37
G0 X1.3937000000000002 Z46.21435 C38
G0 X1.3937000000000002 Z44.06045 C39
G0 X1.3937000000000002 Z48.114850000000004 C40
G0 X1.3937000000000002 Z49.4452 C41
G0 X1.3937000000000002 Z47.22795 C42
G0 X1.3937000000000002 Z47.2913 C43
G0 X1.3937000000000002 Z46.72115 C44
G0 X1.3937000000000002 Z47.48135 C45
G0 X1.3937000000000002 Z47.988150000000005 C46
G0 X1.3937000000000002 Z49.63525 C47
G0 X1.3937000000000002 Z47.60805 C48
G0 X1.3937000000000002 Z45.1374 C49
G0 X1.3937000000000002 Z45.5175 C50
G0 X1.3937000000000002 Z43.3636 C51
G0 X1.3937000000000002 Z46.2777 C52
G0 X1.3937000000000002 Z42.92015 C53
G0 X1.3937000000000002 Z49.50855 C54
G0 X1.3937000000000002 Z50.01535 C55
G0 X1.3937000000000002 Z45.834250000000004 C56
G0 X1.3937000000000002 Z44.69395 C57
G0 X1.3937000000000002 Z48.178200000000004 C58
G0 X1.3937000000000002 Z42.35 C59
G0 X1.3937000000000002 Z44.884 C60
G0 X1.3937000000000002 Z45.32745 C61
G0 X1.3937000000000002 Z48.051500000000004 C62
G0 X1.3937000000000002 Z43.2369 C63
G0 X1.3937000000000002 Z43.807050000000004 C64
G0 X1.3937000000000002 Z50.078700000000005 C65
G0 X1.3937000000000002 Z50.395450000000004 C66
G0 X1.3937000000000002 Z48.62165 C67
G0 X1.3937000000000002 Z42.79345 C68
G0 X1.3937000000000002 Z49.6986 C69
G0 X1.3937000000000002 Z45.6442 C70
G0 X1.3937000000000002 Z48.5583 C71
G0 X1.3937000000000002 Z45.897600000000004 C72
G0 X1.3937000000000002 Z48.9384 C73
G0 X1.3937000000000002 Z48.685 C74
G0 X1.3937000000000002 Z46.46775 C75
G0 X1.3937000000000002 Z47.798100000000005 C76
G0 X1.3937000000000002 Z43.426950000000005 C77
G0 X1.3937000000000002 Z48.49495 C78
G0 X1.3937000000000002 Z49.88865 C79
G0 X1.3937000000000002 Z45.960950000000004 C80
G0 X1.3937000000000002 Z44.5039 C81
G0 X1.3937000000000002 Z42.6034 C82
G0 X1.3937000000000002 Z46.087650000000004 C83
G0 X1.3937000000000002 Z49.38185 C84
G0 X1.3937000000000002 Z45.0107 C85
G0 X1.3937000000000002 Z44.3772 C86
G0 X1.3937000000000002 Z50.5855 C87
G0 X1.3937000000000002 Z44.82065 C88
G0 X1.3937000000000002 Z44.7573 C89
G0 X1.3937000000000002 Z48.3049 C90
G0 X1.3937000000000002 Z42.8568 C91
G0 X1.3937000000000002 Z47.671400000000006 C92
G0 X1.3937000000000002 Z46.024300000000004 C93
G0 X1.3937000000000002 Z49.5719 C94
G0 X1.3937000000000002 Z47.861450000000005 C95
G0 X1.3937000000000002 Z45.2641 C96
G0 X1.3937000000000002 Z44.56725 C97
G0 X1.3937000000000002 Z50.142050000000005 C98
G0 X1.3937000000000002 Z43.04685 C99
G0 X1.3937000000000002 Z43.870400000000004 C100
G0 X1.3937000000000002 Z49.76195 C101
G0 X1.3937000000000002 Z46.97455 C102
G0 X1.3937000000000002 Z47.924800000000005 C103
G0 X1.3937000000000002 Z44.94735 C104
G0 X1.3937000000000002 Z49.0651 C105
G0 X1.3937000000000002 Z50.52215 C106
G0 X1.3937000000000002 Z45.45415 C107
G0 X1.3937000000000002 Z45.707550000000005 C108
G0 X1.3937000000000002 Z46.151 C109
G0 X1.3937000000000002 Z49.3185 C110
G0 X1.3937000000000002 Z43.680350000000004 C111
G0 X1.3937000000000002 Z49.8253 C112
G0 X1.3937000000000002 Z49.25515 C113
G0 X1.3937000000000002 Z43.93375 C114
G0 X1.3937000000000002 Z50.458800000000004 C115
G0 X1.3937000000000002 Z49.12845 C116
G0 X1.3937000000000002 Z44.1238 C117
G0 X1.3937000000000002 Z48.241550000000004 C118
G0 X1.3937000000000002 Z42.4767 C119
G0 X1.3937000000000002 Z48.74835 C120
G0 X1.3937000000000002 Z43.17355 C121
G0 X1.3937000000000002 Z46.5311 C122
G0 X1.3937000000000002 Z47.35465 C123
G0 X1.3937000000000002 Z49.952 C124
G0 X1.3937000000000002 Z46.4044 C125
G0 X1.3937000000000002 Z44.2505 C126
G0 X1.3937000000000002 Z45.20075 C127
G0 X1.3937000000000002 Z42.41335 C128
G0 X1.3937000000000002 Z46.34105 C129
G0 X1.3937000000000002 Z43.617000000000004 C130
G0 X1.3937000000000002 Z49.1918 C131
G0 X1.3937000000000002 Z48.36825 C132
G0 X1.3937000000000002 Z46.7845 C133
G0 X1.3937000000000002 Z42.7301 C134
G0 X1.3937000000000002 Z42.9835 C135
G0 X1.3937000000000002 Z48.4316 C136
G0 X1.3937000000000002 Z48.87505 C137
G0 X1.3937000000000002 Z48.8117 C138
G0 X1.3937000000000002 Z43.1102 C139
G0 X1.3937000000000002 Z47.418 C140
G0 X1.3937000000000002 Z46.84785 C141
G0 X1.3937000000000002 Z45.3908 C142
G0 X1.3937000000000002 Z43.9971 C143
G0 X1.3937000000000002 Z50.332100000000004 C144
G0 X1.3937000000000002 Z49.00175 C145
G0 X1.3937000000000002 Z43.490300000000005 C146
G0 X1.3937000000000002 Z43.30025 C147
G0 X1.3937000000000002 Z44.31385 C148
G0 X1.3937000000000002 Z45.07405 C149
G0 X1.3937000000000002 Z45.58085 C150
G0 X1.3937000000000002 Z43.553650000000005 C151
G0 X1.3937000000000002 Z46.9112 C152
G0 X1.4570500000000002 Z46.9112 C23
G0 X1.4570500000000002 Z49.25515 C24
G0 X1.4570500000000002 Z47.861450000000005 C25
G0 X1.4570500000000002 Z49.63525 C26
G0 X1.4570500000000002 Z44.884 C27
G0 X1.4570500000000002 Z44.56725 C28
G0 X1.4570500000000002 Z50.142050000000005 C29
G0 X1.4570500000000002 Z44.6306 C30
G0 X1.4570500000000002 Z43.1102 C31
G0 X1.4570500000000002 Z44.3772 C32
G0 X1.4570500000000002 Z44.82065 C33
G0 X1.4570500000000002 Z45.6442 C34
G0 X1.4570500000000002 Z42.6034 C35
G0 X1.4570500000000002 Z46.21435 C36
G0 X1.4570500000000002 Z46.2777 C37
G0 X1.4570500000000002 Z49.76195 C38
G0 X1.4570500000000002 Z48.87505 C39
G0 X1.4570500000000002 Z43.2369 C40
G0 X1.4570500000000002 Z43.3636 C41
G0 X1.4570500000000002 Z50.078700000000005 C42
G0 X1.4570500000000002 Z46.34105 C43
G0 X1.4570500000000002 Z48.3049 C44
G0 X1.4570500000000002 Z44.94735 C45
G0 X1.4570500000000002 Z46.97455 C46
G0 X1.4570500000000002 Z48.9384 C47
G0 X1.4570500000000002 Z50.205400000000004 C48
G0 X1.4570500000000002 Z50.395450000000004 C49
G0 X1.4570500000000002 Z45.07405 C50
G0 X1.4570500000000002 Z50.332100000000004 C51
G0 X1.4570500000000002 Z49.952 C52
G0 X1.4570500000000002 Z46.024300000000004 C53
G0 X1.4570500000000002 Z50.01535 C54
G0 X1.4570500000000002 Z47.60805 C55
G0 X1.4570500000000002 Z50.458800000000004 C56
G0 X1.4570500000000002 Z42.92015 C57
G0 X1.4570500000000002 Z44.2505 C58
G0 X1.4570500000000002 Z50.268750000000004 C59
G0 X1.4570500000000002 Z42.4767 C60
G0 X1.4570500000000002 Z44.69395 C61
G0 X1.4570500000000002 Z43.743700000000004 C62
G0 X1.4570500000000002 Z42.54005 C63
G0 X1.4570500000000002 Z49.3185 C64
G0 X1.4570500000000002 Z44.18715 C65
G0 X1.4570500000000002 Z42.9835 C66
G0 X1.4570500000000002 Z43.93375 C67
G0 X1.4570500000000002 Z42.79345 C68
G0 X1.4570500000000002 Z43.870400000000004 C69
G0 X1.4570500000000002 Z44.44055 C70
G0 X1.4570500000000002 Z45.770900000000005 C71
G0 X1.4570500000000002 Z45.5175 C72
G0 X1.4570500000000002 Z43.553650000000005 C73
G0 X1.4570500000000002 Z47.10125 C74
G0 X1.4570500000000002 Z47.988150000000005 C75
G0 X1.4570500000000002 Z47.798100000000005 C76
G0 X1.4570500000000002 Z45.834250000000004 C77
G0 X1.4570500000000002 Z49.8253 C78
G0 X1.4570500000000002 Z47.1646 C79
G0 X1.4570500000000002 Z43.490300000000005 C80
G0 X1.4570500000000002 Z43.680350000000004 C81
G0 X1.4570500000000002 Z48.4316 C82
G0 X1.4570500000000002 Z45.58085 C83
G0 X1.4570500000000002 Z45.32745 C84
G0 X1.4570500000000002 Z43.9971 C85
G0 X1.4570500000000002 Z45.897600000000004 C86
G0 X1.4570500000000002 Z42.7301 C87
G0 X1.4570500000000002 Z49.38185 C88
G0 X1.4570500000000002 Z48.62165 C89
G0 X1.4570500000000002 Z50.5855 C90
G0 X1.4570500000000002 Z43.17355 C91
G0 X1.4570500000000002 Z49.6986 C92
G0 X1.4570500000000002 Z46.151 C93
G0 X1.4570500000000002 Z46.087650000000004 C94
G0 X1.4570500000000002 Z43.04685 C95
G0 X1.4570500000000002 Z43.30025 C96
G0 X1.4570500000000002 Z45.960950000000004 C97
G0 X1.4570500000000002 Z48.36825 C98
G0 X1.4570500000000002 Z42.41335 C99
G0 X1.4570500000000002 Z49.88865 C100
G0 X1.4570500000000002 Z44.7573 C101
G0 X1.4570500000000002 Z45.0107 C102
G0 X1.4570500000000002 Z46.7845 C103
G0 X1.4570500000000002 Z44.31385 C104
G0 X1.4570500000000002 Z47.35465 C105
G0 X1.4570500000000002 Z49.12845 C106
G0 X1.4570500000000002 Z45.1374 C107
G0 X1.4570500000000002 Z49.0651 C108
G0 X1.4570500000000002 Z46.46775 C109
G0 X1.4570500000000002 Z49.5719 C110
G0 X1.4570500000000002 Z46.72115 C111
G0 X1.4570500000000002 Z42.35 C112
G0 X1.4570500000000002 Z47.671400000000006 C113
G0 X1.4570500000000002 Z48.114850000000004 C114
G0 X1.4570500000000002 Z47.22795 C115
G0 X1.4570500000000002 Z46.4044 C116
G0 X1.4570500000000002 Z47.734750000000005 C117
G0 X1.4570500000000002 Z49.1918 C118
G0 X1.4570500000000002 Z44.5039 C119
G0 X1.4570500000000002 Z46.59445 C120
G0 X1.4570500000000002 Z46.6578 C121
G0 X1.4570500000000002 Z47.48135 C122
G0 X1.4570500000000002 Z45.20075 C123
G0 X1.4570500000000002 Z42.8568 C124
G0 X1.4570500000000002 Z50.52215 C125
G0 X1.4570500000000002 Z47.5447 C126
G0 X1.4570500000000002 Z45.2641 C127
G0 X1.4570500000000002 Z48.5583 C128
G0 X1.4570500000000002 Z46.84785 C129
G0 X1.4570500000000002 Z43.617000000000004 C130
G0 X1.4570500000000002 Z49.4452 C131
G0 X1.4570500000000002 Z48.051500000000004 C132
G0 X1.4570500000000002 Z44.1238 C133
G0 X1.4570500000000002 Z43.426950000000005 C134
G0 X1.4570500000000002 Z44.06045 C135
G0 X1.4570500000000002 Z48.49495 C136
G0 X1.4570500000000002 Z49.50855 C137
G0 X1.4570500000000002 Z45.707550000000005 C138
G0 X1.4570500000000002 Z47.0379 C139
G0 X1.4570500000000002 Z47.924800000000005 C140
G0 X1.4570500000000002 Z47.418 C141
G0 X1.4570500000000002 Z48.178200000000004 C142
G0 X1.4570500000000002 Z47.2913 C143
G0 X1.4570500000000002 Z48.241550000000004 C144
G0 X1.4570500000000002 Z45.45415 C145
G0 X1.4570500000000002 Z43.807050000000004 C146
G0 X1.4570500000000002 Z45.3908 C147
G0 X1.4570500000000002 Z46.5311 C148
G0 X1.4570500000000002 Z48.685 C149
G0 X1.4570500000000002 Z48.74835 C150
G0 X1.4570500000000002 Z48.8117 C151
G0 X1.4570500000000002 Z49.00175 C152
G0 X1.4570500000000002 Z42.66675 C153
G0 X1.5204 Z45.1374 C24
G0 X1.5204 Z49.6986 C25
G0 X1.5204 Z49.00175 C26
G0 X1.5204 Z47.22795 C27
G0 X1.5204 Z50.268750000000004 C28
G0 X1.5204 Z50.458800000000004 C29
G0 X1.5204 Z46.4044 C30
G0 X1.5204 Z47.418 C31
G0 X1.5204 Z50.395450000000004 C32
G0 X1.5204 Z42.4767 C33
G0 X1.5204 Z42.41335 C34
G0 X1.5204 Z43.426950000000005 C35
G0 X1.5204 Z42.6034 C36
G0 X1.5204 Z46.9112 C37
G0 X1.5204 Z48.49495 C38
G0 X1.5204 Z45.707550000000005 C39
G0 X1.5204 Z48.241550000000004 C40
G0 X1.5204 Z42.35 C41
G0 X1.5204 Z44.69395 C42
G0 X1.5204 Z48.114850000000004 C43
G0 X1.5204 Z49.1918 C44
G0 X1.5204 Z46.151 C45
G0 X1.5204 Z43.1102 C46
G0 X1.5204 Z48.5583 C47
G0 X1.5204 Z43.17355 C48
G0 X1.5204 Z49.952 C49
G0 X1.5204 Z49.50855 C50
G0 X1.5204 Z47.35465 C51
G0 X1.5204 Z46.7845 C52
G0 X1.5204 Z46.21435 C53
G0 X1.5204 Z49.3185 C54
G0 X1.5204 Z47.2913 C55
G0 X1.5204 Z44.5039 C56
G0 X1.5204 Z49.12845 C57
G0 X1.5204 Z45.960950000000004 C58
G0 X1.5204 Z47.5447 C59
G0 X1.5204 Z47.0379 C60
G0 X1.5204 Z44.06045 C61
G0 X1.5204 Z46.6578 C62
G0 X1.5204 Z45.45415 C63
G0 X1.5204 Z48.051500000000004 C64
G0 X1.5204 Z43.553650000000005 C65
G0 X1.5204 Z49.4452 C66
G0 X1.5204 Z48.74835 C67
G0 X1.5204 Z49.38185 C68
G0 X1.5204 Z43.490300000000005 C69
G0 X1.5204 Z45.3908 C70
G0 X1.5204 Z50.205400000000004 C71
G0 X1.5204 Z45.897600000000004 C72
G0 X1.5204 Z45.6442 C73
G0 X1.5204 Z45.834250000000004 C74
G0 X1.5204 Z43.680350000000004 C75
G0 X1.5204 Z42.7301 C76
G0 X1.5204 Z48.685 C77
G0 X1.5204 Z42.8568 C78
G0 X1.5204 Z44.2505 C79
G0 X1.5204 Z43.743700000000004 C80
G0 X1.5204 Z43.807050000000004 C81
G0 X1.5204 Z50.142050000000005 C82
G0 X1.5204 Z45.2641 C83
G0 X1.5204 Z45.5175 C84
G0 X1.5204 Z50.5855 C85
G0 X1.5204 Z42.9835 C86
G0 X1.5204 Z49.25515 C87
G0 X1.5204 Z43.04685 C88
G0 X1.5204 Z47.1646 C89
G0 X1.5204 Z45.770900000000005 C90
G0 X1.5204 Z46.59445 C91
G0 X1.5204 Z47.60805 C92
G0 X1.5204 Z44.82065 C93
G0 X1.5204 Z47.48135 C94
G0 X1.5204 Z48.36825 C95
G0 X1.5204 Z43.3636 C96
G0 X1.5204 Z44.1238 C97
G0 X1.5204 Z44.56725 C98
G0 X1.5204 Z49.63525 C99
G0 X1.5204 Z43.30025 C100
G0 X1.5204 Z50.01535 C101
G0 X1.5204 Z47.861450000000005 C102
G0 X1.5204 Z50.52215 C103
G0 X1.5204 Z48.62165 C104
G0 X1.5204 Z47.988150000000005 C105
G0 X1.5204 Z46.2777 C106
G0 X1.5204 Z46.97455 C107
G0 X1.5204 Z44.18715 C108
G0 X1.5204 Z44.884 C109
G0 X1.5204 Z43.870400000000004 C110
G0 X1.5204 Z44.3772 C111
G0 X1.5204 Z42.54005 C112
G0 X1.5204 Z44.7573 C113
G0 X1.5204 Z43.2369 C114
G0 X1.5204 Z45.32745 C115
G0 X1.5204 Z48.87505 C116
G0 X1.5204 Z48.178200000000004 C117
G0 X1.5204 Z50.078700000000005 C118
G0 X1.5204 Z45.58085 C119
G0 X1.5204 Z49.8253 C120
G0 X1.5204 Z46.024300000000004 C121
G0 X1.5204 Z48.8117 C122
G0 X1.5204 Z47.671400000000006 C123
G0 X1.5204 Z49.5719 C124
G0 X1.5204 Z47.734750000000005 C125
G0 X1.5204 Z44.94735 C126
G0 X1.5204 Z45.20075 C127
G0 X1.5204 Z45.0107 C128
G0 X1.5204 Z48.3049 C129
G0 X1.5204 Z48.9384 C130
G0 X1.5204 Z47.10125 C131
G0 X1.5204 Z47.798100000000005 C132
G0 X1.5204 Z42.66675 C133
G0 X1.5204 Z49.76195 C134
G0 X1.5204 Z46.84785 C135
G0 X1.5204 Z46.72115 C136
G0 X1.5204 Z42.79345 C137
G0 X1.5204 Z46.087650000000004 C138
G0 X1.5204 Z43.9971 C139
G0 X1.5204 Z44.31385 C140
G0 X1.5204 Z45.07405 C141
G0 X1.5204 Z48.4316 C142
G0 X1.5204 Z44.6306 C143
G0 X1.5204 Z47.924800000000005 C144
G0 X1.5204 Z49.88865 C145
G0 X1.5204 Z50.332100000000004 C146
G0 X1.5204 Z46.46775 C147
G0 X1.5204 Z44.44055 C148
G0 X1.5204 Z46.5311 C149
G0 X1.5204 Z43.93375 C150
G0 X1.5204 Z42.92015 C151
G0 X1.5204 Z46.34105 C152
G0 X1.5204 Z43.617000000000004 C153
G0 X1.5204 Z49.0651 C154
G0 X1.58375 Z42.9835 C25
G0 X1.58375 Z48.685 C26
G0 X1.58375 Z45.1374 C27
G0 X1.58375 Z44.69395 C28
G0 X1.58375 Z44.56725 C29
G0 X1.58375 Z46.5311 C30
G0 X1.58375 Z48.87505 C31
G0 X1.58375 Z49.8253 C32
G0 X1.58375 Z45.897600000000004 C33
G0 X1.58375 Z49.1918 C34
G0 X1.58375 Z43.807050000000004 C35
G0 X1.58375 Z45.45415 C36
G0 X1.58375 Z46.6578 C37
G0 X1.58375 Z49.25515 C38
G0 X1.58375 Z43.490300000000005 C39
G0 X1.58375 Z46.087650000000004 C40
G0 X1.58375 Z43.04685 C41
G0 X1.58375 Z44.18715 C42
G0 X1.58375 Z50.01535 C43
G0 X1.58375 Z48.8117 C44
G0 X1.58375 Z43.1102 C45
G0 X1.58375 Z50.458800000000004 C46
G0 X1.58375 Z50.332100000000004 C47
G0 X1.58375 Z42.79345 C48
G0 X1.58375 Z43.30025 C49
G0 X1.58375 Z50.205400000000004 C50
G0 X1.58375 Z42.7301 C51
G0 X1.58375 Z48.241550000000004 C52
G0 X1.58375 Z43.617000000000004 C53
G0 X1.58375 Z47.861450000000005 C54
G0 X1.58375 Z46.4044 C55
G0 X1.58375 Z50.52215 C56
G0 X1.58375 Z46.9112 C57
G0 X1.58375 Z49.3185 C58
G0 X1.58375 Z44.6306 C59
G0 X1.58375 Z46.7845 C60
G0 X1.58375 Z46.46775 C61
G0 X1.58375 Z46.2777 C62
G0 X1.58375 Z50.268750000000004 C63
G0 X1.58375 Z45.0107 C64
G0 X1.58375 Z50.078700000000005 C65
G0 X1.58375 Z44.5039 C66
G0 X1.58375 Z48.9384 C67
G0 X1.58375 Z45.834250000000004 C68
G0 X1.58375 Z47.60805 C69
G0 X1.58375 Z48.3049 C70
G0 X1.58375 Z48.114850000000004 C71
G0 X1.58375 Z43.17355 C72
G0 X1.58375 Z45.07405 C73
G0 X1.58375 Z47.22795 C74
G0 X1.58375 Z48.62165 C75
G0 X1.58375 Z45.5175 C76
G0 X1.58375 Z42.35 C77
G0 X1.58375 Z45.2641 C78
G0 X1.58375 Z47.5447 C79
G0 X1.58375 Z50.395450000000004 C80
G0 X1.58375 Z45.20075 C81
G0 X1.58375 Z49.6986 C82
G0 X1.58375 Z45.960950000000004 C83
G0 X1.58375 Z49.12845 C84
G0 X1.58375 Z43.680350000000004 C85
G0 X1.58375 Z44.7573 C86
G0 X1.58375 Z47.1646 C87
G0 X1.58375 Z42.92015 C88
G0 X1.58375 Z44.44055 C89
G0 X1.58375 Z49.63525 C90
G0 X1.58375 Z50.5855 C91
G0 X1.58375 Z43.870400000000004 C92
G0 X1.58375 Z49.0651 C93
G0 X1.58375 Z46.84785 C94
G0 X1.58375 Z44.3772 C95
G0 X1.58375 Z45.770900000000005 C96
G0 X1.58375 Z46.59445 C97
G0 X1.58375 Z46.024300000000004 C98
G0 X1.58375 Z47.48135 C99
G0 X1.58375 Z48.5583 C100
G0 X1.58375 Z50.142050000000005 C101
G0 X1.58375 Z42.6034 C102
G0 X1.58375 Z47.10125 C103
G0 X1.58375 Z48.4316 C104
G0 X1.58375 Z47.924800000000005 C105
G0 X1.58375 Z45.707550000000005 C106
G0 X1.58375 Z47.798100000000005 C107
G0 X1.58375 Z48.36825 C108
G0 X1.58375 Z46.21435 C109
G0 X1.58375 Z42.66675 C110
G0 X1.58375 Z44.884 C111
G0 X1.58375 Z48.49495 C112
G0 X1.58375 Z46.72115 C113
G0 X1.58375 Z44.82065 C114
G0 X1.58375 Z47.35465 C115
G0 X1.58375 Z49.00175 C116
G0 X1.58375 Z44.2505 C117
G0 X1.58375 Z49.76195 C118
G0 X1.58375 Z47.2913 C119
G0 X1.58375 Z45.6442 C120
G0 X1.58375 Z42.54005 C121
G0 X1.58375 Z43.9971 C122
G0 X1.58375 Z44.1238 C123
G0 X1.58375 Z49.952 C124
G0 X1.58375 Z47.988150000000005 C125
G0 X1.58375 Z49.4452 C126
G0 X1.58375 Z44.94735 C127
G0 X1.58375 Z49.5719 C128
G0 X1.58375 Z48.051500000000004 C129
G0 X1.58375 Z43.553650000000005 C130
G0 X1.58375 Z43.426950000000005 C131
G0 X1.58375 Z47.418 C132
G0 X1.58375 Z47.0379 C133
G0 X1.58375 Z49.88865 C134
G0 X1.58375 Z42.8568 C135
G0 X1.58375 Z48.74835 C136
G0 X1.58375 Z47.671400000000006 C137
G0 X1.58375 Z45.58085 C138
G0 X1.58375 Z49.50855 C139
G0 X1.58375 Z45.32745 C140
G0 X1.58375 Z45.3908 C141
G0 X1.58375 Z43.93375 C142
G0 X1.58375 Z48.178200000000004 C143
G0 X1.58375 Z43.3636 C144
G0 X1.58375 Z44.31385 C145
G0 X1.58375 Z42.41335 C146
G0 X1.58375 Z43.743700000000004 C147
G0 X1.58375 Z46.97455 C148
G0 X1.58375 Z46.34105 C149
G0 X1.58375 Z43.2369 C150
G0 X1.58375 Z47.734750000000005 C151
G0 X1.58375 Z44.06045 C152
G0 X1.58375 Z49.38185 C153
G0 X1.58375 Z42.4767 C154
G0 X1.58375 Z46.151 C155
G0 X1.6471 Z49.4452 C26
G0 X1.6471 Z44.44055 C27
G0 X1.6471 Z42.35 C28
G0 X1.6471 Z46.7845 C29
G0 X1.6471 Z46.151 C30
G0 X1.6471 Z44.2505 C31
G0 X1.6471 Z49.0651 C32
G0 X1.6471 Z42.79345 C33
G0 X1.6471 Z46.46775 C34
G0 X1.6471 Z48.49495 C35
G0 X1.6471 Z43.617000000000004 C36
G0 X1.6471 Z45.770900000000005 C37
G0 X1.6471 Z44.7573 C38
G0 X1.6471 Z46.9112 C39
G0 X1.6471 Z44.18715 C40
G0 X1.6471 Z43.9971 C41
G0 X1.6471 Z46.4044 C42
G0 X1.6471 Z50.01535 C43
G0 X1.6471 Z42.4767 C44
G0 X1.6471 Z43.3636 C45
G0 X1.6471 Z45.07405 C46
G0 X1.6471 Z46.5311 C47
G0 X1.6471 Z43.490300000000005 C48
G0 X1.6471 Z46.087650000000004 C49
G0 X1.6471 Z47.48135 C50
G0 X1.6471 Z45.707550000000005 C51
G0 X1.6471 Z48.685 C52
G0 X1.6471 Z47.798100000000005 C53
G0 X1.6471 Z47.924800000000005 C54
G0 X1.6471 Z44.1238 C55
G0 X1.6471 Z48.4316 C56
G0 X1.6471 Z49.25515 C57
G0 X1.6471 Z47.734750000000005 C58
G0 X1.6471 Z47.988150000000005 C59
G0 X1.6471 Z42.6034 C60
G0 X1.6471 Z43.17355 C61
G0 X1.6471 Z49.12845 C62
G0 X1.6471 Z47.418 C63
G0 X1.6471 Z43.30025 C64
G0 X1.6471 Z45.58085 C65
G0 X1.6471 Z47.1646 C66
G0 X1.6471 Z45.3908 C67
G0 X1.6471 Z44.884 C68
G0 X1.6471 Z48.241550000000004 C69
G0 X1.6471 Z50.268750000000004 C70
G0 X1.6471 Z50.52215 C71
G0 X1.6471 Z43.2369 C72
G0 X1.6471 Z44.06045 C73
G0 X1.6471 Z43.680350000000004 C74
G0 X1.6471 Z47.22795 C75
G0 X1.6471 Z42.9835 C76
G0 X1.6471 Z42.7301 C77
G0 X1.6471 Z45.1374 C78
G0 X1.6471 Z44.6306 C79
G0 X1.6471 Z49.76195 C80
G0 X1.6471 Z50.395450000000004 C81
G0 X1.6471 Z45.834250000000004 C82
G0 X1.6471 Z48.114850000000004 C83
G0 X1.6471 Z42.8568 C84
G0 X1.6471 Z43.1102 C85
G0 X1.6471 Z49.6986 C86
G0 X1.6471 Z45.45415 C87
G0 X1.6471 Z48.87505 C88
G0 X1.6471 Z46.024300000000004 C89
G0 X1.6471 Z46.2777 C90
G0 X1.6471 Z44.69395 C91
G0 X1.6471 Z47.861450000000005 C92
G0 X1.6471 Z50.332100000000004 C93
G0 X1.6471 Z43.743700000000004 C94
G0 X1.6471 Z50.205400000000004 C95
G0 X1.6471 Z48.9384 C96
G0 X1.6471 Z45.5175 C97
G0 X1.6471 Z48.051500000000004 C98
G0 X1.6471 Z46.72115 C99
G0 X1.6471 Z43.93375 C100
G0 X1.6471 Z50.458800000000004 C101
G0 X1.6471 Z47.2913 C102
G0 X1.6471 Z44.31385 C103
G0 X1.6471 Z46.97455 C104
G0 X1.6471 Z47.671400000000006 C105
G0 X1.6471 Z43.04685 C106
G0 X1.6471 Z48.74835 C107
G0 X1.6471 Z42.41335 C108
G0 X1.6471 Z46.59445 C109
G0 X1.6471 Z49.3185 C110
G0 X1.6471 Z47.35465 C111
G0 X1.6471 Z46.84785 C112
G0 X1.6471 Z45.897600000000004 C113
G0 X1.6471 Z44.94735 C114
G0 X1.6471 Z49.8253 C115
G0 X1.6471 Z47.0379 C116
G0 X1.6471 Z42.66675 C117
G0 X1.6471 Z45.20075 C118
G0 X1.6471 Z49.88865 C119
G0 X1.6471 Z44.3772 C120
G0 X1.6471 Z46.21435 C121
G0 X1.6471 Z45.0107 C122
G0 X1.6471 Z47.5447 C123
G0 X1.6471 Z50.5855 C124
G0 X1.6471 Z43.553650000000005 C125
G0 X1.6471 Z46.34105 C126
G0 X1.6471 Z43.426950000000005 C127
G0 X1.6471 Z45.2641 C128
G0 X1.6471 Z49.5719 C129
G0 X1.6471 Z45.32745 C130
G0 X1.6471 Z50.078700000000005 C131
G0 X1.6471 Z49.1918 C132
G0 X1.6471 Z44.56725 C133
G0 X1.6471 Z48.62165 C134
G0 X1.6471 Z48.36825 C135
G0 X1.6471 Z45.6442 C136
G0 X1.6471 Z49.38185 C137
G0 X1.6471 Z48.5583 C138
G0 X1.6471 Z45.960950000000004 C139
G0 X1.6471 Z49.00175 C140
G0 X1.6471 Z42.92015 C141
G0 X1.6471 Z43.870400000000004 C142
G0 X1.6471 Z44.5039 C143
G0 X1.6471 Z50.142050000000005 C144
G0 X1.6471 Z43.807050000000004 C145
G0 X1.6471 Z48.3049 C146
G0 X1.6471 Z46.6578 C147
G0 X1.6471 Z48.8117 C148
G0 X1.6471 Z49.952 C149
G0 X1.6471 Z49.63525 C150
G0 X1.6471 Z44.82065 C151
G0 X1.6471 Z42.54005 C152
G0 X1.6471 Z49.50855 C153
G0 X1.6471 Z47.60805 C154
G0 X1.6471 Z48.178200000000004 C155
G0 X1.6471 Z47.10125 C156
G0 X1.71045 Z50.5855 C27
G0 X1.71045 Z49.1918 C28
G0 X1.71045 Z47.0379 C29
G0 X1.71045 Z47.924800000000005 C30
G0 X1.71045 Z44.6306 C31
G0 X1.71045 Z44.2505 C32
G0 X1.71045 Z45.6442 C33
G0 X1.71045 Z45.770900000000005 C34
G0 X1.71045 Z50.52215 C35
G0 X1.71045 Z42.92015 C36
G0 X1.71045 Z42.79345 C37
G0 X1.71045 Z42.41335 C38
G0 X1.71045 Z46.34105 C39
G0 X1.71045 Z43.870400000000004 C40
G0 X1.71045 Z47.671400000000006 C41
G0 X1.71045 Z49.4452 C42
G0 X1.71045 Z48.051500000000004 C43
G0 X1.71045 Z44.18715 C44
G0 X1.71045 Z44.3772 C45
G0 X1.71045 Z42.6034 C46
G0 X1.71045 Z46.7845 C47
G0 X1.71045 Z45.2641 C48
G0 X1.71045 Z50.205400000000004 C49
G0 X1.71045 Z43.617000000000004 C50
G0 X1.71045 Z48.74835 C51
G0 X1.71045 Z47.734750000000005 C52
G0 X1.71045 Z44.31385 C53
G0 X1.71045 Z43.426950000000005 C54
G0 X1.71045 Z46.087650000000004 C55
G0 X1.71045 Z42.35 C56
G0 X1.71045 Z49.3185 C57
G0 X1.71045 Z46.151 C58
G0 X1.71045 Z46.9112 C59
G0 X1.71045 Z48.62165 C60
G0 X1.71045 Z45.1374 C61
G0 X1.71045 Z46.72115 C62
G0 X1.71045 Z43.743700000000004 C63
G0 X1.71045 Z46.2777 C64
G0 X1.71045 Z49.8253 C65
G0 X1.71045 Z42.66675 C66
G0 X1.71045 Z48.87505 C67
G0 X1.71045 Z43.490300000000005 C68
G0 X1.71045 Z48.49495 C69
G0 X1.71045 Z43.93375 C70
G0 X1.71045 Z46.5311 C71
G0 X1.71045 Z43.17355 C72
G0 X1.71045 Z48.3049 C73
G0 X1.71045 Z49.76195 C74
G0 X1.71045 Z42.4767 C75
G0 X1.71045 Z46.84785 C76
G0 X1.71045 Z47.861450000000005 C77
G0 X1.71045 Z45.897600000000004 C78
G0 X1.71045 Z50.142050000000005 C79
G0 X1.71045 Z47.418 C80
G0 X1.71045 Z47.798100000000005 C81
G0 X1.71045 Z48.9384 C82
G0 X1.71045 Z43.553650000000005 C83
G0 X1.71045 Z47.5447 C84
G0 X1.71045 Z42.54005 C85
G0 X1.71045 Z43.2369 C86
G0 X1.71045 Z44.06045 C87
G0 X1.71045 Z48.36825 C88
G0 X1.71045 Z45.0107 C89
G0 X1.71045 Z49.88865 C90
G0 X1.71045 Z44.1238 C91
G0 X1.71045 Z48.4316 C92
G0 X1.71045 Z44.56725 C93
G0 X1.71045 Z48.241550000000004 C94
G0 X1.71045 Z48.114850000000004 C95
G0 X1.71045 Z42.7301 C96
G0 X1.71045 Z44.82065 C97
G0 X1.71045 Z50.332100000000004 C98
G0 X1.71045 Z44.5039 C99
G0 X1.71045 Z49.38185 C100
G0 X1.71045 Z42.9835 C101
G0 X1.71045 Z47.2913 C102
G0 X1.71045 Z49.12845 C103
G0 X1.71045 Z47.1646 C104
G0 X1.71045 Z50.268750000000004 C105
G0 X1.71045 Z49.50855 C106
G0 X1.71045 Z43.9971 C107
G0 X1.71045 Z45.20075 C108
G0 X1.71045 Z46.59445 C109
G0 X1.71045 Z44.94735 C110
G0 X1.71045 Z48.685 C111
G0 X1.71045 Z47.988150000000005 C112
G0 X1.71045 Z46.024300000000004 C113
G0 X1.71045 Z49.25515 C114
G0 X1.71045 Z50.01535 C115
G0 X1.71045 Z47.60805 C116
G0 X1.71045 Z43.680350000000004 C117
G0 X1.71045 Z49.952 C118
G0 X1.71045 Z45.32745 C119
G0 X1.71045 Z43.04685 C120
G0 X1.71045 Z45.5175 C121
G0 X1.71045 Z47.22795 C122
G0 X1.71045 Z45.834250000000004 C123
G0 X1.71045 Z49.0651 C124
G0 X1.71045 Z43.30025 C125
G0 X1.71045 Z48.5583 C126
G0 X1.71045 Z50.078700000000005 C127
G0 X1.71045 Z45.960950000000004 C128
G0 X1.71045 Z46.46775 C129
G0 X1.71045 Z45.707550000000005 C130
G0 X1.71045 Z44.69395 C131
G0 X1.71045 Z45.45415 C132
G0 X1.71045 Z50.395450000000004 C133
G0 X1.71045 Z43.807050000000004 C134
G0 X1.71045 Z46.6578 C135
G0 X1.71045 Z42.8568 C136
G0 X1.71045 Z50.458800000000004 C137
G0 X1.71045 Z43.3636 C138
G0 X1.71045 Z49.5719 C139
G0 X1.71045 Z45.3908 C140
G0 X1.71045 Z45.58085 C141
G0 X1.71045 Z43.1102 C142
G0 X1.71045 Z44.884 C143
G0 X1.71045 Z49.00175 C144
G0 X1.71045 Z48.178200000000004 C145
G0 X1.71045 Z46.4044 C146
G0 X1.71045 Z46.21435 C147
G0 X1.71045 Z44.7573 C148
G0 X1.71045 Z49.63525 C149
G0 X1.71045 Z49.6986 C150
G0 X1.71045 Z47.48135 C151
G0 X1.71045 Z46.97455 C152
G0 X1.71045 Z44.44055 C153
G0 X1.71045 Z47.35465 C154
G0 X1.71045 Z45.07405 C155
G0 X1.71045 Z47.10125 C156
G0 X1.71045 Z48.8117 C157
G0 X1.7738 Z48.87505 C28
G0 X1.7738 Z43.617000000000004 C29
G0 X1.7738 Z43.680350000000004 C30
G0 X1.7738 Z43.17355 C31
G0 X1.7738 Z46.024300000000004 C32
G0 X1.7738 Z46.84785 C33
G0 X1.7738 Z49.4452 C34
G0 X1.7738 Z45.5175 C35
G0 X1.7738 Z45.07405 C36
G0 X1.7738 Z49.6986 C37
G0 X1.7738 Z42.92015 C38
G0 X1.7738 Z43.3636 C39
G0 X1.7738 Z47.2913 C40
G0 X1.7738 Z49.50855 C41
G0 X1.7738 Z47.35465 C42
G0 X1.7738 Z42.6034 C43
G0 X1.7738 Z49.88865 C44
G0 X1.7738 Z44.5039 C45
G0 X1.7738 Z44.31385 C46
G0 X1.7738 Z47.798100000000005 C47
G0 X1.7738 Z49.5719 C48
G0 X1.7738 Z45.32745 C49
G0 X1.7738 Z46.97455 C50
G0 X1.7738 Z44.94735 C51
G0 X1.7738 Z46.4044 C52
G0 X1.7738 Z45.1374 C53
G0 X1.7738 Z48.9384 C54
G0 X1.7738 Z42.54005 C55
G0 X1.7738 Z49.8253 C56
G0 X1.7738 Z47.10125 C57
G0 X1.7738 Z46.7845 C58
G0 X1.7738 Z45.6442 C59
G0 X1.7738 Z42.7301 C60
G0 X1.7738 Z47.22795 C61
G0 X1.7738 Z42.8568 C62
G0 X1.7738 Z45.58085 C63
G0 X1.7738 Z43.743700000000004 C64
G0 X1.7738 Z45.707550000000005 C65
G0 X1.7738 Z48.114850000000004 C66
G0 X1.7738 Z50.01535 C67
G0 X1.7738 Z44.7573 C68
G0 X1.7738 Z48.5583 C69
G0 X1.7738 Z43.490300000000005 C70
G0 X1.7738 Z44.69395 C71
G0 X1.7738 Z43.2369 C72
G0 X1.7738 Z45.3908 C73
G0 X1.7738 Z46.5311 C74
G0 X1.7738 Z50.142050000000005 C75
G0 X1.7738 Z48.49495 C76
G0 X1.7738 Z48.685 C77
G0 X1.7738 Z45.897600000000004 C78
G0 X1.7738 Z45.834250000000004 C79
G0 X1.7738 Z49.38185 C80
G0 X1.7738 Z48.178200000000004 C81
G0 X1.7738 Z48.4316 C82
G0 X1.7738 Z49.63525 C83
G0 X1.7738 Z46.21435 C84
G0 X1.7738 Z45.2641 C85
G0 X1.7738 Z44.884 C86
G0 X1.7738 Z50.5855 C87
G0 X1.7738 Z44.82065 C88
G0 X1.7738 Z50.458800000000004 C89
G0 X1.7738 Z43.9971 C90
G0 X1.7738 Z47.418 C91
G0 X1.7738 Z44.18715 C92
G0 X1.7738 Z49.25515 C93
G0 X1.7738 Z42.35 C94
G0 X1.7738 Z45.960950000000004 C95
G0 X1.7738 Z49.3185 C96
G0 X1.7738 Z43.1102 C97
G0 X1.7738 Z46.59445 C98
G0 X1.7738 Z42.79345 C99
G0 X1.7738 Z42.9835 C100
G0 X1.7738 Z47.1646 C101
G0 X1.7738 Z47.861450000000005 C102
G0 X1.7738 Z49.952 C103
G0 X1.7738 Z49.76195 C104
G0 X1.7738 Z47.48135 C105
G0 X1.7738 Z45.0107 C106
G0 X1.7738 Z46.6578 C107
G0 X1.7738 Z43.553650000000005 C108
G0 X1.7738 Z47.988150000000005 C109
G0 X1.7738 Z45.20075 C110
G0 X1.7738 Z49.0651 C111
G0 X1.7738 Z43.30025 C112
G0 X1.7738 Z50.268750000000004 C113
G0 X1.7738 Z46.46775 C114
G0 X1.7738 Z49.1918 C115
G0 X1.7738 Z47.5447 C116
G0 X1.7738 Z43.807050000000004 C117
G0 X1.7738 Z46.9112 C118
G0 X1.7738 Z47.924800000000005 C119
G0 X1.7738 Z46.151 C120
G0 X1.7738 Z44.44055 C121
G0 X1.7738 Z50.332100000000004 C122
G0 X1.7738 Z43.04685 C123
G0 X1.7738 Z44.2505 C124
G0 X1.7738 Z50.205400000000004 C125
G0 X1.7738 Z48.62165 C126
G0 X1.7738 Z47.671400000000006 C127
G0 X1.7738 Z50.078700000000005 C128
G0 X1.7738 Z48.36825 C129
G0 X1.7738 Z49.00175 C130
G0 X1.7738 Z48.8117 C131
G0 X1.7738 Z43.93375 C132
G0 X1.7738 Z48.3049 C133
G0 X1.7738 Z48.051500000000004 C134
G0 X1.7738 Z42.4767 C135
G0 X1.7738 Z44.6306 C136
G0 X1.7738 Z46.34105 C137
G0 X1.7738 Z42.41335 C138
G0 X1.7738 Z44.06045 C139
G0 X1.7738 Z48.241550000000004 C140
G0 X1.7738 Z45.770900000000005 C141
G0 X1.7738 Z50.52215 C142
G0 X1.7738 Z47.0379 C143
G0 X1.7738 Z46.087650000000004 C144
G0 X1.7738 Z50.395450000000004 C145
G0 X1.7738 Z45.45415 C146
G0 X1.7738 Z42.66675 C147
G0 X1.7738 Z44.1238 C148
G0 X1.7738 Z46.2777 C149
G0 X1.7738 Z46.72115 C150
G0 X1.7738 Z47.60805 C151
G0 X1.7738 Z49.12845 C152
G0 X1.7738 Z43.870400000000004 C153
G0 X1.7738 Z44.56725 C154
G0 X1.7738 Z47.734750000000005 C155
G0 X1.7738 Z43.426950000000005 C156
G0 X1.7738 Z44.3772 C157
G0 X1.7738 Z48.74835 C158
G0 X1.83715 Z46.7845 C29
G0 X1.83715 Z47.5447 C30
G0 X1.83715 Z49.6986 C31
G0 X1.83715 Z47.35465 C32
G0 X1.83715 Z49.3185 C33
G0 X1.83715 Z46.4044 C34
G0 X1.83715 Z47.10125 C35
G0 X1.83715 Z50.078700000000005 C36
G0 X1.83715 Z47.48135 C37
G0 X1.83715 Z42.79345 C38
G0 X1.83715 Z45.897600000000004 C39
G0 X1.83715 Z42.41335 C40
G0 X1.83715 Z50.458800000000004 C41
G0 X1.83715 Z45.32745 C42
G0 X1.83715 Z44.82065 C43
G0 X1.83715 Z50.52215 C44
G0 X1.83715 Z44.5039 C45
G0 X1.83715 Z42.6034 C46
G0 X1.83715 Z42.66675 C47
G0 X1.83715 Z42.92015 C48
G0 X1.83715 Z45.3908 C49
G0 X1.83715 Z43.3636 C50
G0 X1.83715 Z44.31385 C51
G0 X1.83715 Z48.62165 C52
G0 X1.83715 Z48.36825 C53
G0 X1.83715 Z43.04685 C54
G0 X1.83715 Z48.8117 C55
G0 X1.83715 Z49.1918 C56
G0 X1.83715 Z50.205400000000004 C57
G0 X1.83715 Z43.743700000000004 C58
G0 X1.83715 Z44.884 C59
G0 X1.83715 Z45.58085 C60
G0 X1.83715 Z46.84785 C61
G0 X1.83715 Z44.2505 C62
G0 X1.83715 Z48.49495 C63
G0 X1.83715 Z49.12845 C64
G0 X1.83715 Z47.2913 C65
G0 X1.83715 Z48.4316 C66
G0 X1.83715 Z47.418 C67
G0 X1.83715 Z45.960950000000004 C68
G0 X1.83715 Z49.952 C69
G0 X1.83715 Z45.834250000000004 C70
G0 X1.83715 Z43.9971 C71
G0 X1.83715 Z45.707550000000005 C72
G0 X1.83715 Z47.734750000000005 C73
G0 X1.83715 Z48.74835 C74
G0 X1.83715 Z49.88865 C75
G0 X1.83715 Z48.3049 C76
G0 X1.83715 Z45.0107 C77
G0 X1.83715 Z45.45415 C78
G0 X1.83715 Z50.395450000000004 C79
G0 X1.83715 Z48.114850000000004 C80
G0 X1.83715 Z43.870400000000004 C81
G0 X1.83715 Z47.1646 C82
G0 X1.83715 Z42.54005 C83
G0 X1.83715 Z46.151 C84
G0 X1.83715 Z43.2369 C85
G0 X1.83715 Z44.44055 C86
G0 X1.83715 Z50.268750000000004 C87
G0 X1.83715 Z50.5855 C88
G0 X1.83715 Z49.63525 C89
G0 X1.83715 Z47.861450000000005 C90
G0 X1.83715 Z47.924800000000005 C91
G0 X1.83715 Z45.770900000000005 C92
G0 X1.83715 Z48.9384 C93
G0 X1.83715 Z50.142050000000005 C94
G0 X1.83715 Z48.178200000000004 C95
G0 X1.83715 Z49.50855 C96
G0 X1.83715 Z43.490300000000005 C97
G0 X1.83715 Z43.30025 C98
G0 X1.83715 Z47.671400000000006 C99
G0 X1.83715 Z49.76195 C100
G0 X1.83715 Z48.87505 C101
G0 X1.83715 Z49.38185 C102
G0 X1.83715 Z46.46775 C103
G0 X1.83715 Z50.332100000000004 C104
G0 X1.83715 Z43.807050000000004 C105
G0 X1.83715 Z46.6578 C106
G0 X1.83715 Z46.72115 C107
G0 X1.83715 Z46.34105 C108
G0 X1.83715 Z44.18715 C109
G0 X1.83715 Z46.087650000000004 C110
G0 X1.83715 Z50.01535 C111
G0 X1.83715 Z43.17355 C112
G0 X1.83715 Z43.553650000000005 C113
G0 X1.83715 Z44.3772 C114
G0 X1.83715 Z44.7573 C115
G0 X1.83715 Z49.0651 C116
G0 X1.83715 Z43.617000000000004 C117
G0 X1.83715 Z47.988150000000005 C118
G0 X1.83715 Z45.20075 C119
G0 X1.83715 Z46.97455 C120
G0 X1.83715 Z44.94735 C121
G0 X1.83715 Z46.2777 C122
G0 X1.83715 Z48.5583 C123
G0 X1.83715 Z45.07405 C124
G0 X1.83715 Z48.241550000000004 C125
G0 X1.83715 Z48.051500000000004 C126
G0 X1.83715 Z43.426950000000005 C127
G0 X1.83715 Z43.93375 C128
G0 X1.83715 Z47.0379 C129
G0 X1.83715 Z48.685 C130
G0 X1.83715 Z42.7301 C131
G0 X1.83715 Z44.06045 C132
G0 X1.83715 Z49.00175 C133
G0 X1.83715 Z47.60805 C134
G0 X1.83715 Z42.9835 C135
G0 X1.83715 Z44.69395 C136
G0 X1.83715 Z43.1102 C137
G0 X1.83715 Z47.798100000000005 C138
G0 X1.83715 Z46.5311 C139
G0 X1.83715 Z46.21435 C140
G0 X1.83715 Z44.6306 C141
G0 X1.83715 Z49.8253 C142
G0 X1.83715 Z46.9112 C143
G0 X1.83715 Z45.5175 C144
G0 X1.83715 Z49.5719 C145
G0 X1.83715 Z44.56725 C146
G0 X1.83715 Z49.25515 C147
G0 X1.83715 Z47.22795 C148
G0 X1.83715 Z45.6442 C149
G0 X1.83715 Z45.1374 C150
G0 X1.83715 Z42.4767 C151
G0 X1.83715 Z46.024300000000004 C152
G0 X1.83715 Z43.680350000000004 C153
G0 X1.83715 Z45.2641 C154
G0 X1.83715 Z44.1238 C155
G0 X1.83715 Z42.35 C156
G0 X1.83715 Z49.4452 C157
G0 X1.83715 Z42.8568 C158
G0 X1.83715 Z46.59445 C159
G0 X1.9005 Z44.884 C30
G0 X1.9005 Z46.46775 C31
G0 X1.9005 Z43.2369 C32
G0 X1.9005 Z45.45415 C33
G0 X1.9005 Z48.49495 C34
G0 X1.9005 Z45.707550000000005 C35
G0 X1.9005 Z46.9112 C36
G0 X1.9005 Z45.1374 C37
G0 X1.9005 Z45.6442 C38
G0 X1.9005 Z44.2505 C39
G0 X1.9005 Z49.1918 C40
G0 X1.9005 Z45.5175 C41
G0 X1.9005 Z47.2913 C42
G0 X1.9005 Z49.8253 C43
G0 X1.9005 Z47.35465 C44
G0 X1.9005 Z46.4044 C45
G0 X1.9005 Z43.17355 C46
G0 X1.9005 Z50.078700000000005 C47
G0 X1.9005 Z46.59445 C48
G0 X1.9005 Z42.9835 C49
G0 X1.9005 Z43.553650000000005 C50
G0 X1.9005 Z49.38185 C51
G0 X1.9005 Z45.58085 C52
G0 X1.9005 Z42.79345 C53
G0 X1.9005 Z48.36825 C54
G0 X1.9005 Z46.34105 C55
G0 X1.9005 Z46.024300000000004 C56
G0 X1.9005 Z44.18715 C57
G0 X1.9005 Z44.7573 C58
G0 X1.9005 Z43.93375 C59
G0 X1.9005 Z44.06045 C60
G0 X1.9005 Z45.770900000000005 C61
G0 X1.9005 Z50.458800000000004 C62
G0 X1.9005 Z50.268750000000004 C63
G0 X1.9005 Z45.897600000000004 C64
G0 X1.9005 Z46.087650000000004 C65
G0 X1.9005 Z49.88865 C66
G0 X1.9005 Z48.114850000000004 C67
G0 X1.9005 Z49.6986 C68
G0 X1.9005 Z45.32745 C69
G0 X1.9005 Z49.00175 C70
G0 X1.9005 Z48.4316 C71
G0 X1.9005 Z43.9971 C72
G0 X1.9005 Z43.426950000000005 C73
G0 X1.9005 Z43.743700000000004 C74
G0 X1.9005 Z47.1646 C75
G0 X1.9005 Z44.82065 C76
G0 X1.9005 Z44.69395 C77
G0 X1.9005 Z42.41335 C78
G0 X1.9005 Z49.5719 C79
G0 X1.9005 Z49.50855 C80
G0 X1.9005 Z42.4767 C81
G0 X1.9005 Z42.92015 C82
G0 X1.9005 Z44.3772 C83
G0 X1.9005 Z43.1102 C84
G0 X1.9005 Z48.9384 C85
G0 X1.9005 Z42.8568 C86
G0 X1.9005 Z49.25515 C87
G0 X1.9005 Z50.332100000000004 C88
G0 X1.9005 Z49.0651 C89
G0 X1.9005 Z48.051500000000004 C90
G0 X1.9005 Z46.6578 C91
G0 X1.9005 Z50.142050000000005 C92
G0 X1.9005 Z42.35 C93
G0 X1.9005 Z50.5855 C94
G0 X1.9005 Z44.94735 C95
G0 X1.9005 Z43.617000000000004 C96
G0 X1.9005 Z44.5039 C97
G0 X1.9005 Z46.5311 C98
G0 X1.9005 Z43.807050000000004 C99
G0 X1.9005 Z45.960950000000004 C100
G0 X1.9005 Z45.834250000000004 C101
G0 X1.9005 Z45.0107 C102
G0 X1.9005 Z50.01535 C103
G0 X1.9005 Z47.60805 C104
G0 X1.9005 Z46.97455 C105
G0 X1.9005 Z47.671400000000006 C106
G0 X1.9005 Z48.8117 C107
G0 X1.9005 Z44.1238 C108
G0 X1.9005 Z44.31385 C109
G0 X1.9005 Z46.21435 C110
G0 X1.9005 Z44.56725 C111
G0 X1.9005 Z49.3185 C112
G0 X1.9005 Z50.52215 C113
G0 X1.9005 Z49.63525 C114
G0 X1.9005 Z49.76195 C115
G0 X1.9005 Z45.20075 C116
G0 X1.9005 Z46.7845 C117
G0 X1.9005 Z45.2641 C118
G0 X1.9005 Z50.205400000000004 C119
G0 X1.9005 Z42.66675 C120
G0 X1.9005 Z48.685 C121
G0 X1.9005 Z43.04685 C122
G0 X1.9005 Z50.395450000000004 C123
G0 X1.9005 Z49.4452 C124
G0 X1.9005 Z45.07405 C125
G0 X1.9005 Z42.6034 C126
G0 X1.9005 Z47.861450000000005 C127
G0 X1.9005 Z47.48135 C128
G0 X1.9005 Z47.418 C129
G0 X1.9005 Z46.151 C130
G0 X1.9005 Z43.870400000000004 C131
G0 X1.9005 Z48.3049 C132
G0 X1.9005 Z42.7301 C133
G0 X1.9005 Z49.12845 C134
G0 X1.9005 Z43.680350000000004 C135
G0 X1.9005 Z44.6306 C136
G0 X1.9005 Z46.2777 C137
G0 X1.9005 Z48.178200000000004 C138
G0 X1.9005 Z48.241550000000004 C139
G0 X1.9005 Z45.3908 C140
G0 X1.9005 Z47.924800000000005 C141
G0 X1.9005 Z43.490300000000005 C142
G0 X1.9005 Z47.988150000000005 C143
G0 X1.9005 Z44.44055 C144
G0 X1.9005 Z48.74835 C145
G0 X1.9005 Z47.734750000000005 C146
G0 X1.9005 Z47.10125 C147
G0 X1.9005 Z47.22795 C148
G0 X1.9005 Z43.30025 C149
G0 X1.9005 Z48.5583 C150
G0 X1.9005 Z46.84785 C151
G0 X1.9005 Z43.3636 C152
G0 X1.9005 Z47.5447 C153
G0 X1.9005 Z42.54005 C154
G0 X1.9005 Z46.72115 C155
G0 X1.9005 Z48.87505 C156
G0 X1.9005 Z47.0379 C157
G0 X1.9005 Z49.952 C158
G0 X1.9005 Z48.62165 C159
G0 X1.9005 Z47.798100000000005 C160
G0 X1.96385 Z47.671400000000006 C31
G0 X1.96385 Z45.20075 C32
G0 X1.96385 Z45.2641 C33
G0 X1.96385 Z48.178200000000004 C34
G0 X1.96385 Z46.59445 C35
G0 X1.96385 Z48.051500000000004 C36
G0 X1.96385 Z48.49495 C37
G0 X1.96385 Z50.078700000000005 C38
G0 X1.96385 Z48.9384 C39
G0 X1.96385 Z43.617000000000004 C40
G0 X1.96385 Z49.3185 C41
G0 X1.96385 Z43.9971 C42
G0 X1.96385 Z42.4767 C43
G0 X1.96385 Z49.88865 C44
G0 X1.96385 Z45.6442 C45
G0 X1.96385 Z49.1918 C46
G0 X1.96385 Z45.32745 C47
G0 X1.96385 Z44.7573 C48
G0 X1.96385 Z47.924800000000005 C49
G0 X1.96385 Z50.332100000000004 C50
G0 X1.96385 Z48.8117 C51
G0 X1.96385 Z45.834250000000004 C52
G0 X1.96385 Z49.952 C53
G0 X1.96385 Z45.770900000000005 C54
G0 X1.96385 Z50.395450000000004 C55
G0 X1.96385 Z46.151 C56
G0 X1.96385 Z46.2777 C57
G0 X1.96385 Z49.6986 C58
G0 X1.96385 Z47.0379 C59
G0 X1.96385 Z48.3049 C60
G0 X1.96385 Z44.884 C61
G0 X1.96385 Z45.07405 C62
G0 X1.96385 Z47.48135 C63
G0 X1.96385 Z45.3908 C64
G0 X1.96385 Z46.024300000000004 C65
G0 X1.96385 Z46.5311 C66
G0 X1.96385 Z42.54005 C67
G0 X1.96385 Z48.5583 C68
G0 X1.96385 Z44.44055 C69
G0 X1.96385 Z48.4316 C70
G0 X1.96385 Z43.680350000000004 C71
G0 X1.96385 Z46.7845 C72
G0 X1.96385 Z49.12845 C73
G0 X1.96385 Z50.458800000000004 C74
G0 X1.96385 Z47.418 C75
G0 X1.96385 Z43.1102 C76
G0 X1.96385 Z47.798100000000005 C77
G0 X1.96385 Z47.2913 C78
G0 X1.96385 Z46.72115 C79
G0 X1.96385 Z43.93375 C80
G0 X1.96385 Z49.5719 C81
G0 X1.96385 Z44.3772 C82
G0 X1.96385 Z42.8568 C83
G0 X1.96385 Z43.743700000000004 C84
G0 X1.96385 Z49.38185 C85
G0 X1.96385 Z43.17355 C86
G0 X1.96385 Z45.960950000000004 C87
G0 X1.96385 Z50.205400000000004 C88
G0 X1.96385 Z50.01535 C89
G0 X1.96385 Z48.114850000000004 C90
G0 X1.96385 Z47.10125 C91
G0 X1.96385 Z47.1646 C92
G0 X1.96385 Z50.52215 C93
G0 X1.96385 Z45.58085 C94
G0 X1.96385 Z45.5175 C95
G0 X1.96385 Z45.707550000000005 C96
G0 X1.96385 Z49.8253 C97
G0 X1.96385 Z47.988150000000005 C98
G0 X1.96385 Z47.861450000000005 C99
G0 X1.96385 Z42.92015 C100
G0 X1.96385 Z44.82065 C101
G0 X1.96385 Z47.734750000000005 C102
G0 X1.96385 Z49.4452 C103
G0 X1.96385 Z50.142050000000005 C104
G0 X1.96385 Z43.553650000000005 C105
G0 X1.96385 Z45.45415 C106
G0 X1.96385 Z49.0651 C107
G0 X1.96385 Z47.5447 C108
G0 X1.96385 Z46.9112 C109
G0 X1.96385 Z44.5039 C110
G0 X1.96385 Z42.79345 C111
G0 X1.96385 Z48.62165 C112
G0 X1.96385 Z46.34105 C113
G0 X1.96385 Z49.76195 C114
G0 X1.96385 Z46.97455 C115
G0 X1.96385 Z43.04685 C116
G0 X1.96385 Z43.870400000000004 C117
G0 X1.96385 Z49.63525 C118
G0 X1.96385 Z43.807050000000004 C119
G0 X1.96385 Z44.94735 C120
G0 X1.96385 Z49.50855 C121
G0 X1.96385 Z43.3636 C122
G0 X1.96385 Z46.087650000000004 C123
G0 X1.96385 Z44.56725 C124
G0 X1.96385 Z44.18715 C125
G0 X1.96385 Z46.21435 C126
G0 X1.96385 Z44.1238 C127
G0 X1.96385 Z46.6578 C128
G0 X1.96385 Z45.0107 C129
G0 X1.96385 Z42.7301 C130
G0 X1.96385 Z45.897600000000004 C131
G0 X1.96385 Z42.35 C132
G0 X1.96385 Z50.5855 C133
G0 X1.96385 Z49.25515 C134
G0 X1.96385 Z48.74835 C135
G0 X1.96385 Z48.685 C136
G0 X1.96385 Z49.00175 C137
G0 X1.96385 Z43.490300000000005 C138
G0 X1.96385 Z50.268750000000004 C139
G0 X1.96385 Z44.2505 C140
G0 X1.96385 Z44.69395 C141
G0 X1.96385 Z46.84785 C142
G0 X1.96385 Z44.6306 C143
G0 X1.96385 Z44.31385 C144
G0 X1.96385 Z44.06045 C145
G0 X1.96385 Z45.1374 C146
G0 X1.96385 Z46.4044 C147
G0 X1.96385 Z43.2369 C148
G0 X1.96385 Z43.30025 C149
G0 X1.96385 Z48.36825 C150
G0 X1.96385 Z43.426950000000005 C151
G0 X1.96385 Z48.241550000000004 C152
G0 X1.96385 Z42.66675 C153
G0 X1.96385 Z42.6034 C154
G0 X1.96385 Z42.41335 C155
G0 X1.96385 Z46.46775 C156
G0 X1.96385 Z47.22795 C157
G0 X1.96385 Z42.9835 C158
G0 X1.96385 Z47.35465 C159
G0 X1.96385 Z48.87505 C160
G0 X1.96385 Z47.60805 C161
G0 X2.0272 Z49.88865 C32
G0 X2.0272 Z46.024300000000004 C33
G0 X2.0272 Z49.1918 C34
G0 X2.0272 Z42.66675 C35
G0 X2.0272 Z48.4316 C36
G0 X2.0272 Z48.8117 C37
G0 X2.0272 Z47.798100000000005 C38
G0 X2.0272 Z44.82065 C39
G0 X2.0272 Z47.10125 C40
G0 X2.0272 Z50.01535 C41
G0 X2.0272 Z50.395450000000004 C42
G0 X2.0272 Z49.50855 C43
G0 X2.0272 Z50.332100000000004 C44
G0 X2.0272 Z49.38185 C45
G0 X2.0272 Z46.97455 C46
G0 X2.0272 Z47.35465 C47
G0 X2.0272 Z44.44055 C48
G0 X2.0272 Z43.04685 C49
G0 X2.0272 Z50.142050000000005 C50
G0 X2.0272 Z47.988150000000005 C51
G0 X2.0272 Z46.087650000000004 C52
G0 X2.0272 Z46.84785 C53
G0 X2.0272 Z47.861450000000005 C54
G0 X2.0272 Z46.151 C55
G0 X2.0272 Z44.18715 C56
G0 X2.0272 Z47.418 C57
G0 X2.0272 Z48.5583 C58
G0 X2.0272 Z49.00175 C59
G0 X2.0272 Z49.6986 C60
G0 X2.0272 Z47.734750000000005 C61
G0 X2.0272 Z50.458800000000004 C62
G0 X2.0272 Z48.051500000000004 C63
G0 X2.0272 Z45.32745 C64
G0 X2.0272 Z45.897600000000004 C65
G0 X2.0272 Z46.59445 C66
G0 X2.0272 Z44.7573 C67
G0 X2.0272 Z42.6034 C68
G0 X2.0272 Z42.9835 C69
G0 X2.0272 Z48.3049 C70
G0 X2.0272 Z45.0107 C71
G0 X2.0272 Z45.6442 C72
G0 X2.0272 Z45.58085 C73
G0 X2.0272 Z43.617000000000004 C74
G0 X2.0272 Z43.553650000000005 C75
G0 X2.0272 Z49.5719 C76
G0 X2.0272 Z44.31385 C77
G0 X2.0272 Z46.2777 C78
G0 X2.0272 Z45.45415 C79
G0 X2.0272 Z45.770900000000005 C80
G0 X2.0272 Z45.707550000000005 C81
G0 X2.0272 Z42.54005 C82
G0 X2.0272 Z47.22795 C83
G0 X2.0272 Z43.743700000000004 C84
G0 X2.0272 Z50.5855 C85
G0 X2.0272 Z49.0651 C86
G0 X2.0272 Z44.69395 C87
G0 X2.0272 Z50.205400000000004 C88
G0 X2.0272 Z50.52215 C89
G0 X2.0272 Z48.49495 C90
G0 X2.0272 Z45.960950000000004 C91
G0 X2.0272 Z50.078700000000005 C92
G0 X2.0272 Z42.4767 C93
G0 X2.0272 Z46.4044 C94
G0 X2.0272 Z44.06045 C95
G0 X2.0272 Z46.6578 C96
G0 X2.0272 Z43.1102 C97
G0 X2.0272 Z46.7845 C98
G0 X2.0272 Z48.36825 C99
G0 X2.0272 Z48.178200000000004 C100
G0 X2.0272 Z43.9971 C101
G0 X2.0272 Z47.671400000000006 C102
G0 X2.0272 Z44.5039 C103
G0 X2.0272 Z48.87505 C104
G0 X2.0272 Z46.34105 C105
G0 X2.0272 Z47.924800000000005 C106
G0 X2.0272 Z44.1238 C107
G0 X2.0272 Z49.4452 C108
G0 X2.0272 Z48.62165 C109
G0 X2.0272 Z44.3772 C110
G0 X2.0272 Z45.1374 C111
G0 X2.0272 Z47.1646 C112
G0 X2.0272 Z44.2505 C113
G0 X2.0272 Z48.114850000000004 C114
G0 X2.0272 Z48.74835 C115
G0 X2.0272 Z48.241550000000004 C116
G0 X2.0272 Z43.426950000000005 C117
G0 X2.0272 Z47.5447 C118
G0 X2.0272 Z50.268750000000004 C119
G0 X2.0272 Z49.952 C120
G0 X2.0272 Z42.7301 C121
G0 X2.0272 Z44.56725 C122
G0 X2.0272 Z45.5175 C123
G0 X2.0272 Z43.870400000000004 C124
G0 X2.0272 Z45.07405 C125
G0 X2.0272 Z43.30025 C126
G0 X2.0272 Z43.17355 C127
G0 X2.0272 Z43.807050000000004 C128
G0 X2.0272 Z44.884 C129
G0 X2.0272 Z46.46775 C130
G0 X2.0272 Z44.6306 C131
G0 X2.0272 Z46.9112 C132
G0 X2.0272 Z49.63525 C133
G0 X2.0272 Z49.3185 C134
G0 X2.0272 Z42.79345 C135
G0 X2.0272 Z49.12845 C136
G0 X2.0272 Z46.72115 C137
G0 X2.0272 Z47.48135 C138
G0 X2.0272 Z42.92015 C139
G0 X2.0272 Z42.35 C140
G0 X2.0272 Z43.680350000000004 C141
G0 X2.0272 Z45.834250000000004 C142
G0 X2.0272 Z42.41335 C143
G0 X2.0272 Z42.8568 C144
G0 X2.0272 Z47.0379 C145
G0 X2.0272 Z49.76195 C146
G0 X2.0272 Z45.3908 C147
G0 X2.0272 Z47.2913 C148
G0 X2.0272 Z48.685 C149
G0 X2.0272 Z49.8253 C150
G0 X2.0272 Z43.93375 C151
G0 X2.0272 Z45.20075 C152
G0 X2.0272 Z43.3636 C153
G0 X2.0272 Z47.60805 C154
G0 X2.0272 Z46.5311 C155
G0 X2.0272 Z45.2641 C156
G0 X2.0272 Z49.25515 C157
G0 X2.0272 Z48.9384 C158
G0 X2.0272 Z44.94735 C159
G0 X2.0272 Z43.2369 C160
G0 X2.0272 Z43.490300000000005 C161
G0 X2.0272 Z46.21435 C162
G0 X2.09055 Z45.3908 C33
G0 X2.09055 Z46.21435 C34
G0 X2.09055 Z46.9112 C35
G0 X2.09055 Z48.178200000000004 C36
G0 X2.09055 Z44.884 C37
G0 X2.09055 Z49.5719 C38
G0 X2.09055 Z43.807050000000004 C39
G0 X2.09055 Z45.45415 C40
G0 X2.09055 Z45.1374 C41
G0 X2.09055 Z49.3185 C42
G0 X2.09055 Z46.72115 C43
G0 X2.09055 Z42.54005 C44
G0 X2.09055 Z42.7301 C45
G0 X2.09055 Z44.2505 C46
G0 X2.09055 Z42.66675 C47
G0 X2.09055 Z46.34105 C48
G0 X2.09055 Z48.114850000000004 C49
G0 X2.09055 Z43.1102 C50
G0 X2.09055 Z44.56725 C51
G0 X2.09055 Z50.01535 C52
G0 X2.09055 Z47.671400000000006 C53
G0 X2.09055 Z43.3636 C54
G0 X2.09055 Z43.870400000000004 C55
G0 X2.09055 Z45.6442 C56
G0 X2.09055 Z47.10125 C57
G0 X2.09055 Z48.62165 C58
G0 X2.09055 Z44.44055 C59
G0 X2.09055 Z47.418 C60
G0 X2.09055 Z43.426950000000005 C61
G0 X2.09055 Z48.9384 C62
G0 X2.09055 Z48.36825 C63
G0 X2.09055 Z49.0651 C64
G0 X2.09055 Z45.770900000000005 C65
G0 X2.09055 Z46.46775 C66
G0 X2.09055 Z46.97455 C67
G0 X2.09055 Z44.5039 C68
G0 X2.09055 Z43.30025 C69
G0 X2.09055 Z43.04685 C70
G0 X2.09055 Z43.490300000000005 C71
G0 X2.09055 Z43.553650000000005 C72
G0 X2.09055 Z43.680350000000004 C73
G0 X2.09055 Z43.93375 C74
G0 X2.09055 Z45.2641 C75
G0 X2.09055 Z42.9835 C76
G0 X2.09055 Z49.952 C77
G0 X2.09055 Z50.395450000000004 C78
G0 X2.09055 Z49.63525 C79
G0 X2.09055 Z44.18715 C80
G0 X2.09055 Z45.32745 C81
G0 X2.09055 Z47.798100000000005 C82
G0 X2.09055 Z42.6034 C83
G0 X2.09055 Z42.4767 C84
G0 X2.09055 Z47.988150000000005 C85
G0 X2.09055 Z47.1646 C86
G0 X2.09055 Z47.734750000000005 C87
G0 X2.09055 Z47.60805 C88
G0 X2.09055 Z48.051500000000004 C89
G0 X2.09055 Z48.74835 C90
G0 X2.09055 Z44.31385 C91
G0 X2.09055 Z48.3049 C92
G0 X2.09055 Z44.06045 C93
G0 X2.09055 Z43.17355 C94
G0 X2.09055 Z46.087650000000004 C95
G0 X2.09055 Z46.6578 C96
G0 X2.09055 Z46.59445 C97
G0 X2.09055 Z47.5447 C98
G0 X2.09055 Z50.458800000000004 C99
G0 X2.09055 Z50.142050000000005 C100
G0 X2.09055 Z50.205400000000004 C101
G0 X2.09055 Z49.25515 C102
G0 X2.09055 Z50.52215 C103
G0 X2.09055 Z43.9971 C104
G0 X2.09055 Z48.8117 C105
G0 X2.09055 Z50.078700000000005 C106
G0 X2.09055 Z50.268750000000004 C107
G0 X2.09055 Z43.743700000000004 C108
G0 X2.09055 Z46.151 C109
G0 X2.09055 Z48.5583 C110
G0 X2.09055 Z49.6986 C111
G0 X2.09055 Z42.92015 C112
G0 X2.09055 Z49.88865 C113
G0 X2.09055 Z45.897600000000004 C114
G0 X2.09055 Z47.22795 C115
G0 X2.09055 Z49.50855 C116
G0 X2.09055 Z42.35 C117
G0 X2.09055 Z44.69395 C118
G0 X2.09055 Z50.5855 C119
G0 X2.09055 Z48.49495 C120
G0 X2.09055 Z49.38185 C121
G0 X2.09055 Z47.48135 C122
G0 X2.09055 Z48.241550000000004 C123
G0 X2.09055 Z46.024300000000004 C124
G0 X2.09055 Z44.94735 C125
G0 X2.09055 Z49.12845 C126
G0 X2.09055 Z45.20075 C127
G0 X2.09055 Z47.924800000000005 C128
G0 X2.09055 Z48.4316 C129
G0 X2.09055 Z44.82065 C130
G0 X2.09055 Z47.0379 C131
G0 X2.09055 Z44.7573 C132
G0 X2.09055 Z45.960950000000004 C133
G0 X2.09055 Z44.3772 C134
G0 X2.09055 Z46.4044 C135
G0 X2.09055 Z44.1238 C136
G0 X2.09055 Z49.00175 C137
G0 X2.09055 Z46.5311 C138
G0 X2.09055 Z42.79345 C139
G0 X2.09055 Z50.332100000000004 C140
G0 X2.09055 Z46.7845 C141
G0 X2.09055 Z49.76195 C142
G0 X2.09055 Z45.5175 C143
G0 X2.09055 Z45.0107 C144
G0 X2.09055 Z45.58085 C145
G0 X2.09055 Z48.685 C146
G0 X2.09055 Z42.8568 C147
G0 X2.09055 Z45.07405 C148
G0 X2.09055 Z46.2777 C149
G0 X2.09055 Z49.1918 C150
G0 X2.09055 Z45.707550000000005 C151
G0 X2.09055 Z49.8253 C152
G0 X2.09055 Z48.87505 C153
G0 X2.09055 Z45.834250000000004 C154
G0 X2.09055 Z43.617000000000004 C155
G0 X2.09055 Z42.41335 C156
G0 X2.09055 Z47.35465 C157
G0 X2.09055 Z46.84785 C158
G0 X2.09055 Z47.2913 C159
G0 X2.09055 Z43.2369 C160
G0 X2.09055 Z47.861450000000005 C161
G0 X2.09055 Z44.6306 C162
G0 X2.09055 Z49.4452 C163
G0 X2.1539 Z43.30025 C34
G0 X2.1539 Z45.834250000000004 C35
G0 X2.1539 Z44.5039 C36
G0 X2.1539 Z46.97455 C37
G0 X2.1539 Z47.418 C38
G0 X2.1539 Z46.46775 C39
G0 X2.1539 Z47.22795 C40
G0 X2.1539 Z46.7845 C41
G0 X2.1539 Z43.553650000000005 C42
G0 X2.1539 Z47.861450000000005 C43
G0 X2.1539 Z50.458800000000004 C44
G0 X2.1539 Z44.3772 C45
G0 X2.1539 Z49.952 C46
G0 X2.1539 Z44.94735 C47
G0 X2.1539 Z50.268750000000004 C48
G0 X2.1539 Z43.04685 C49
G0 X2.1539 Z44.884 C50
G0 X2.1539 Z42.54005 C51
G0 X2.1539 Z46.84785 C52
G0 X2.1539 Z45.770900000000005 C53
G0 X2.1539 Z42.4767 C54
G0 X2.1539 Z43.870400000000004 C55
G0 X2.1539 Z50.205400000000004 C56
G0 X2.1539 Z45.0107 C57
G0 X2.1539 Z45.707550000000005 C58
G0 X2.1539 Z49.00175 C59
G0 X2.1539 Z49.76195 C60
G0 X2.1539 Z47.1646 C61
G0 X2.1539 Z48.5583 C62
G0 X2.1539 Z45.45415 C63
G0 X2.1539 Z46.151 C64
G0 X2.1539 Z46.2777 C65
G0 X2.1539 Z43.490300000000005 C66
G0 X2.1539 Z45.58085 C67
G0 X2.1539 Z46.5311 C68
G0 X2.1539 Z48.8117 C69
G0 X2.1539 Z45.897600000000004 C70
G0 X2.1539 Z43.3636 C71
G0 X2.1539 Z49.6986 C72
G0 X2.1539 Z46.6578 C73
G0 X2.1539 Z50.01535 C74
G0 X2.1539 Z48.74835 C75
G0 X2.1539 Z44.7573 C76
G0 X2.1539 Z47.798100000000005 C77
G0 X2.1539 Z44.2505 C78
G0 X2.1539 Z42.79345 C79
G0 X2.1539 Z46.21435 C80
G0 X2.1539 Z48.051500000000004 C81
G0 X2.1539 Z45.07405 C82
G0 X2.1539 Z50.5855 C83
G0 X2.1539 Z43.93375 C84
G0 X2.1539 Z47.924800000000005 C85
G0 X2.1539 Z47.10125 C86
G0 X2.1539 Z47.988150000000005 C87
G0 X2.1539 Z48.241550000000004 C88
G0 X2.1539 Z49.25515 C89
G0 X2.1539 Z43.9971 C90
G0 X2.1539 Z44.1238 C91
G0 X2.1539 Z44.31385 C92
G0 X2.1539 Z47.60805 C93
G0 X2.1539 Z43.426950000000005 C94
G0 X2.1539 Z44.44055 C95
G0 X2.1539 Z48.87505 C96
G0 X2.1539 Z49.4452 C97
G0 X2.1539 Z45.32745 C98
G0 X2.1539 Z49.1918 C99
G0 X2.1539 Z50.395450000000004 C100
G0 X2.1539 Z44.56725 C101
G0 X2.1539 Z43.17355 C102
G0 X2.1539 Z49.88865 C103
G0 X2.1539 Z43.680350000000004 C104
G0 X2.1539 Z42.92015 C105
G0 X2.1539 Z42.41335 C106
G0 X2.1539 Z49.5719 C107
G0 X2.1539 Z42.66675 C108
G0 X2.1539 Z46.9112 C109
G0 X2.1539 Z47.671400000000006 C110
G0 X2.1539 Z49.0651 C111
G0 X2.1539 Z45.6442 C112
G0 X2.1539 Z44.06045 C113
G0 X2.1539 Z48.49495 C114
G0 X2.1539 Z46.4044 C115
G0 X2.1539 Z43.743700000000004 C116
G0 X2.1539 Z47.5447 C117
G0 X2.1539 Z44.69395 C118
G0 X2.1539 Z45.5175 C119
G0 X2.1539 Z47.35465 C120
G0 X2.1539 Z49.3185 C121
G0 X2.1539 Z49.63525 C122
G0 X2.1539 Z48.3049 C123
G0 X2.1539 Z50.332100000000004 C124
G0 X2.1539 Z49.8253 C125
G0 X2.1539 Z43.2369 C126
G0 X2.1539 Z50.078700000000005 C127
G0 X2.1539 Z44.82065 C128
G0 X2.1539 Z48.685 C129
G0 X2.1539 Z45.1374 C130
G0 X2.1539 Z48.178200000000004 C131
G0 X2.1539 Z50.52215 C132
G0 X2.1539 Z44.6306 C133
G0 X2.1539 Z45.3908 C134
G0 X2.1539 Z47.734750000000005 C135
G0 X2.1539 Z46.34105 C136
G0 X2.1539 Z47.2913 C137
G0 X2.1539 Z45.2641 C138
G0 X2.1539 Z48.9384 C139
G0 X2.1539 Z46.087650000000004 C140
G0 X2.1539 Z42.6034 C141
G0 X2.1539 Z45.20075 C142
G0 X2.1539 Z49.50855 C143
G0 X2.1539 Z43.1102 C144
G0 X2.1539 Z42.7301 C145
G0 X2.1539 Z49.38185 C146
G0 X2.1539 Z43.617000000000004 C147
G0 X2.1539 Z49.12845 C148
G0 X2.1539 Z46.72115 C149
G0 X2.1539 Z42.8568 C150
G0 X2.1539 Z45.960950000000004 C151
G0 X2.1539 Z48.36825 C152
G0 X2.1539 Z47.0379 C153
G0 X2.1539 Z42.35 C154
G0 X2.1539 Z44.18715 C155
G0 X2.1539 Z46.024300000000004 C156
G0 X2.1539 Z48.4316 C157
G0 X2.1539 Z50.142050000000005 C158
G0 X2.1539 Z47.48135 C159
G0 X2.1539 Z48.114850000000004 C160
G0 X2.1539 Z42.9835 C161
G0 X2.1539 Z46.59445 C162
G0 X2.1539 Z48.62165 C163
G0 X2.1539 Z43.807050000000004 C164
G0 X2.21725 Z50.205400000000004 C35
G0 X2.21725 Z43.1102 C36
G0 X2.21725 Z47.0379 C37
G0 X2.21725 Z44.7573 C38
G0 X2.21725 Z43.807050000000004 C39
G0 X2.21725 Z47.60805 C40
G0 X2.21725 Z46.2777 C41
G0 X2.21725 Z49.88865 C42
G0 X2.21725 Z44.44055 C43
G0 X2.21725 Z48.4316 C44
G0 X2.21725 Z42.79345 C45
G0 X2.21725 Z44.6306 C46
G0 X2.21725 Z44.82065 C47
G0 X2.21725 Z49.12845 C48
G0 X2.21725 Z49.4452 C49
G0 X2.21725 Z47.734750000000005 C50
G0 X2.21725 Z45.32745 C51
G0 X2.21725 Z47.988150000000005 C52
G0 X2.21725 Z47.924800000000005 C53
G0 X2.21725 Z49.5719 C54
G0 X2.21725 Z42.6034 C55
G0 X2.21725 Z46.21435 C56
G0 X2.21725 Z42.54005 C57
G0 X2.21725 Z46.9112 C58
G0 X2.21725 Z49.0651 C59
G0 X2.21725 Z44.5039 C60
G0 X2.21725 Z42.7301 C61
G0 X2.21725 Z45.897600000000004 C62
G0 X2.21725 Z50.458800000000004 C63
G0 X2.21725 Z46.4044 C64
G0 X2.21725 Z47.2913 C65
G0 X2.21725 Z46.087650000000004 C66
G0 X2.21725 Z49.6986 C67
G0 X2.21725 Z50.142050000000005 C68
G0 X2.21725 Z42.92015 C69
G0 X2.21725 Z50.078700000000005 C70
G0 X2.21725 Z46.46775 C71
G0 X2.21725 Z49.63525 C72
G0 X2.21725 Z49.25515 C73
G0 X2.21725 Z44.3772 C74
G0 X2.21725 Z43.870400000000004 C75
G0 X2.21725 Z49.952 C76
G0 X2.21725 Z45.0107 C77
G0 X2.21725 Z47.35465 C78
G0 X2.21725 Z48.685 C79
G0 X2.21725 Z45.960950000000004 C80
G0 X2.21725 Z48.3049 C81
G0 X2.21725 Z42.9835 C82
G0 X2.21725 Z44.31385 C83
G0 X2.21725 Z46.97455 C84
G0 X2.21725 Z46.84785 C85
G0 X2.21725 Z42.4767 C86
G0 X2.21725 Z48.8117 C87
G0 X2.21725 Z45.5175 C88
G0 X2.21725 Z50.52215 C89
G0 X2.21725 Z47.861450000000005 C90
G0 X2.21725 Z43.553650000000005 C91
G0 X2.21725 Z45.3908 C92
G0 X2.21725 Z49.38185 C93
G0 X2.21725 Z43.490300000000005 C94
G0 X2.21725 Z43.04685 C95
G0 X2.21725 Z47.418 C96
G0 X2.21725 Z48.051500000000004 C97
G0 X2.21725 Z43.9971 C98
G0 X2.21725 Z43.3636 C99
G0 X2.21725 Z48.36825 C100
G0 X2.21725 Z46.6578 C101
G0 X2.21725 Z44.94735 C102
G0 X2.21725 Z46.59445 C103
G0 X2.21725 Z48.5583 C104
G0 X2.21725 Z42.8568 C105
G0 X2.21725 Z46.151 C106
G0 X2.21725 Z43.2369 C107
G0 X2.21725 Z49.50855 C108
G0 X2.21725 Z49.1918 C109
G0 X2.21725 Z50.268750000000004 C110
G0 X2.21725 Z43.17355 C111
G0 X2.21725 Z46.34105 C112
G0 X2.21725 Z48.178200000000004 C113
G0 X2.21725 Z47.10125 C114
G0 X2.21725 Z44.1238 C115
G0 X2.21725 Z45.1374 C116
G0 X2.21725 Z45.58085 C117
G0 X2.21725 Z45.834250000000004 C118
G0 X2.21725 Z44.2505 C119
G0 X2.21725 Z47.22795 C120
G0 X2.21725 Z48.114850000000004 C121
G0 X2.21725 Z48.62165 C122
G0 X2.21725 Z45.20075 C123
G0 X2.21725 Z43.680350000000004 C124
G0 X2.21725 Z47.1646 C125
G0 X2.21725 Z46.024300000000004 C126
G0 X2.21725 Z42.35 C127
G0 X2.21725 Z45.770900000000005 C128
G0 X2.21725 Z43.30025 C129
G0 X2.21725 Z43.426950000000005 C130
G0 X2.21725 Z43.617000000000004 C131
G0 X2.21725 Z45.45415 C132
G0 X2.21725 Z48.49495 C133
G0 X2.21725 Z48.87505 C134
G0 X2.21725 Z44.69395 C135
G0 X2.21725 Z44.06045 C136
G0 X2.21725 Z42.41335 C137
G0 X2.21725 Z49.8253 C138
G0 X2.21725 Z42.66675 C139
G0 X2.21725 Z45.07405 C140
G0 X2.21725 Z48.241550000000004 C141
G0 X2.21725 Z44.56725 C142
G0 X2.21725 Z47.671400000000006 C143
G0 X2.21725 Z47.798100000000005 C144
G0 X2.21725 Z47.5447 C145
G0 X2.21725 Z50.332100000000004 C146
G0 X2.21725 Z46.5311 C147
G0 X2.21725 Z49.76195 C148
G0 X2.21725 Z46.7845 C149
G0 X2.21725 Z50.01535 C150
G0 X2.21725 Z44.884 C151
G0 X2.21725 Z45.707550000000005 C152
G0 X2.21725 Z49.3185 C153
G0 X2.21725 Z49.00175 C154
G0 X2.21725 Z50.395450000000004 C155
G0 X2.21725 Z47.48135 C156
G0 X2.21725 Z46.72115 C157
G0 X2.21725 Z43.743700000000004 C158
G0 X2.21725 Z44.18715 C159
G0 X2.21725 Z45.6442 C160
G0 X2.21725 Z48.9384 C161
G0 X2.21725 Z43.93375 C162
G0 X2.21725 Z48.74835 C163
G0 X2.21725 Z45.2641 C164
G0 X2.21725 Z50.5855 C165
G0 X2.2806 Z46.024300000000004 C36
G0 X2.2806 Z48.3049 C37
G0 X2.2806 Z42.66675 C38
G0 X2.2806 Z44.56725 C39
G0 X2.2806 Z50.332100000000004 C40
G0 X2.2806 Z49.1918 C41
G0 X2.2806 Z43.3636 C42
G0 X2.2806 Z45.1374 C43
G0 X2.2806 Z44.5039 C44
G0 X2.2806 Z44.69395 C45
G0 X2.2806 Z45.5175 C46
G0 X2.2806 Z45.834250000000004 C47
G0 X2.2806 Z42.8568 C48
G0 X2.2806 Z49.88865 C49
G0 X2.2806 Z44.7573 C50
G0 X2.2806 Z45.0107 C51
G0 X2.2806 Z43.553650000000005 C52
G0 X2.2806 Z43.680350000000004 C53
G0 X2.2806 Z45.3908 C54
G0 X2.2806 Z46.087650000000004 C55
G0 X2.2806 Z45.32745 C56
G0 X2.2806 Z46.6578 C57
G0 X2.2806 Z43.426950000000005 C58
G0 X2.2806 Z45.58085 C59
G0 X2.2806 Z42.35 C60
G0 X2.2806 Z43.870400000000004 C61
G0 X2.2806 Z50.01535 C62
G0 X2.2806 Z43.617000000000004 C63
G0 X2.2806 Z48.241550000000004 C64
G0 X2.2806 Z44.1238 C65
G0 X2.2806 Z47.418 C66
G0 X2.2806 Z42.41335 C67
G0 X2.2806 Z45.770900000000005 C68
G0 X2.2806 Z49.00175 C69
G0 X2.2806 Z48.9384 C70
G0 X2.2806 Z49.38185 C71
G0 X2.2806 Z47.5447 C72
G0 X2.2806 Z44.18715 C73
G0 X2.2806 Z44.06045 C74
G0 X2.2806 Z47.35465 C75
G0 X2.2806 Z46.84785 C76
G0 X2.2806 Z45.960950000000004 C77
G0 X2.2806 Z43.93375 C78
G0 X2.2806 Z48.685 C79
G0 X2.2806 Z47.861450000000005 C80
G0 X2.2806 Z48.051500000000004 C81
G0 X2.2806 Z43.1102 C82
G0 X2.2806 Z46.2777 C83
G0 X2.2806 Z50.142050000000005 C84
G0 X2.2806 Z49.76195 C85
G0 X2.2806 Z48.5583 C86
G0 X2.2806 Z50.458800000000004 C87
G0 X2.2806 Z49.8253 C88
G0 X2.2806 Z48.8117 C89
G0 X2.2806 Z50.268750000000004 C90
G0 X2.2806 Z43.9971 C91
G0 X2.2806 Z44.3772 C92
G0 X2.2806 Z50.395450000000004 C93
G0 X2.2806 Z49.5719 C94
G0 X2.2806 Z47.671400000000006 C95
G0 X2.2806 Z47.924800000000005 C96
G0 X2.2806 Z49.952 C97
G0 X2.2806 Z45.20075 C98
G0 X2.2806 Z42.6034 C99
G0 X2.2806 Z47.0379 C100
G0 X2.2806 Z47.10125 C101
G0 X2.2806 Z48.178200000000004 C102
G0 X2.2806 Z50.52215 C103
G0 X2.2806 Z47.988150000000005 C104
G0 X2.2806 Z46.97455 C105
G0 X2.2806 Z47.22795 C106
G0 X2.2806 Z42.92015 C107
G0 X2.2806 Z47.1646 C108
G0 X2.2806 Z46.46775 C109
G0 X2.2806 Z46.59445 C110
G0 X2.2806 Z48.74835 C111
G0 X2.2806 Z42.9835 C112
G0 X2.2806 Z46.5311 C113
G0 X2.2806 Z45.707550000000005 C114
G0 X2.2806 Z46.9112 C115
G0 X2.2806 Z43.04685 C116
G0 X2.2806 Z44.94735 C117
G0 X2.2806 Z45.6442 C118
G0 X2.2806 Z43.807050000000004 C119
G0 X2.2806 Z48.4316 C120
G0 X2.2806 Z42.54005 C121
G0 X2.2806 Z42.7301 C122
G0 X2.2806 Z50.205400000000004 C123
G0 X2.2806 Z49.50855 C124
G0 X2.2806 Z48.36825 C125
G0 X2.2806 Z43.490300000000005 C126
G0 X2.2806 Z49.6986 C127
G0 X2.2806 Z49.25515 C128
G0 X2.2806 Z42.79345 C129
G0 X2.2806 Z49.4452 C130
G0 X2.2806 Z43.2369 C131
G0 X2.2806 Z49.12845 C132
G0 X2.2806 Z47.48135 C133
G0 X2.2806 Z44.82065 C134
G0 X2.2806 Z46.4044 C135
G0 X2.2806 Z45.897600000000004 C136
G0 X2.2806 Z43.30025 C137
G0 X2.2806 Z48.114850000000004 C138
G0 X2.2806 Z50.5855 C139
G0 X2.2806 Z47.734750000000005 C140
G0 X2.2806 Z45.45415 C141
G0 X2.2806 Z44.44055 C142
G0 X2.2806 Z45.07405 C143
G0 X2.2806 Z48.62165 C144
G0 X2.2806 Z46.151 C145
G0 X2.2806 Z46.34105 C146
G0 X2.2806 Z49.0651 C147
G0 X2.2806 Z45.2641 C148
G0 X2.2806 Z47.60805 C149
G0 X2.2806 Z43.743700000000004 C150
G0 X2.2806 Z47.2913 C151
G0 X2.2806 Z48.49495 C152
G0 X2.2806 Z49.3185 C153
G0 X2.2806 Z44.31385 C154
G0 X2.2806 Z44.6306 C155
G0 X2.2806 Z49.63525 C156
G0 X2.2806 Z50.078700000000005 C157
G0 X2.2806 Z47.798100000000005 C158
G0 X2.2806 Z46.7845 C159
G0 X2.2806 Z42.4767 C160
G0 X2.2806 Z44.2505 C161
G0 X2.2806 Z44.884 C162
G0 X2.2806 Z46.72115 C163
G0 X2.2806 Z48.87505 C164
G0 X2.2806 Z43.17355 C165
G0 X2.2806 Z46.21435 C166
G0 X2.34395 Z48.114850000000004 C37
G0 X2.34395 Z45.3908 C38
G0 X2.34395 Z42.7301 C39
G0 X2.34395 Z43.04685 C40
G0 X2.34395 Z45.960950000000004 C41
G0 X2.34395 Z50.52215 C42
G0 X2.34395 Z50.142050000000005 C43
G0 X2.34395 Z49.0651 C44
G0 X2.34395 Z45.707550000000005 C45
G0 X2.34395 Z44.69395 C46
G0 X2.34395 Z49.00175 C47
G0 X2.34395 Z49.38185 C48
G0 X2.34395 Z45.32745 C49
G0 X2.34395 Z49.1918 C50
G0 X2.34395 Z46.21435 C51
G0 X2.34395 Z43.30025 C52
G0 X2.34395 Z42.54005 C53
G0 X2.34395 Z46.34105 C54
G0 X2.34395 Z44.94735 C55
G0 X2.34395 Z44.7573 C56
G0 X2.34395 Z49.63525 C57
G0 X2.34395 Z45.770900000000005 C58
G0 X2.34395 Z43.870400000000004 C59
G0 X2.34395 Z50.205400000000004 C60
G0 X2.34395 Z43.553650000000005 C61
G0 X2.34395 Z46.97455 C62
G0 X2.34395 Z48.051500000000004 C63
G0 X2.34395 Z45.834250000000004 C64
G0 X2.34395 Z48.178200000000004 C65
G0 X2.34395 Z45.897600000000004 C66
G0 X2.34395 Z45.2641 C67
G0 X2.34395 Z46.46775 C68
G0 X2.34395 Z42.35 C69
G0 X2.34395 Z47.10125 C70
G0 X2.34395 Z47.5447 C71
G0 X2.34395 Z46.59445 C72
G0 X2.34395 Z43.3636 C73
G0 X2.34395 Z49.952 C74
G0 X2.34395 Z44.3772 C75
G0 X2.34395 Z47.0379 C76
G0 X2.34395 Z42.8568 C77
G0 X2.34395 Z47.798100000000005 C78
G0 X2.34395 Z45.07405 C79
G0 X2.34395 Z42.6034 C80
G0 X2.34395 Z44.31385 C81
G0 X2.34395 Z48.62165 C82
G0 X2.34395 Z43.680350000000004 C83
G0 X2.34395 Z46.84785 C84
G0 X2.34395 Z49.4452 C85
G0 X2.34395 Z46.4044 C86
G0 X2.34395 Z43.1102 C87
G0 X2.34395 Z50.01535 C88
G0 X2.34395 Z46.7845 C89
G0 X2.34395 Z44.6306 C90
G0 X2.34395 Z47.48135 C91
G0 X2.34395 Z46.9112 C92
G0 X2.34395 Z43.2369 C93
G0 X2.34395 Z48.685 C94
G0 X2.34395 Z47.35465 C95
G0 X2.34395 Z47.671400000000006 C96
G0 X2.34395 Z48.3049 C97
G0 X2.34395 Z49.5719 C98
G0 X2.34395 Z45.1374 C99
G0 X2.34395 Z49.88865 C100
G0 X2.34395 Z43.17355 C101
G0 X2.34395 Z47.861450000000005 C102
G0 X2.34395 Z46.2777 C103
G0 X2.34395 Z47.734750000000005 C104
G0 X2.34395 Z48.87505 C105
G0 X2.34395 Z48.8117 C106
G0 X2.34395 Z45.58085 C107
G0 X2.34395 Z45.6442 C108
G0 X2.34395 Z45.5175 C109
G0 X2.34395 Z48.5583 C110
G0 X2.34395 Z44.5039 C111
G0 X2.34395 Z42.66675 C112
G0 X2.34395 Z43.93375 C113
G0 X2.34395 Z47.22795 C114
G0 X2.34395 Z46.087650000000004 C115
G0 X2.34395 Z49.76195 C116
G0 X2.34395 Z50.078700000000005 C117
G0 X2.34395 Z48.49495 C118
G0 X2.34395 Z44.1238 C119
G0 X2.34395 Z46.5311 C120
G0 X2.34395 Z44.18715 C121
G0 X2.34395 Z43.426950000000005 C122
G0 X2.34395 Z47.60805 C123
G0 X2.34395 Z50.268750000000004 C124
G0 X2.34395 Z47.2913 C125
G0 X2.34395 Z44.2505 C126
G0 X2.34395 Z46.72115 C127
G0 X2.34395 Z48.9384 C128
G0 X2.34395 Z48.36825 C129
G0 X2.34395 Z44.82065 C130
G0 X2.34395 Z44.884 C131
G0 X2.34395 Z43.807050000000004 C132
G0 X2.34395 Z44.56725 C133
G0 X2.34395 Z48.74835 C134
G0 X2.34395 Z43.617000000000004 C135
G0 X2.34395 Z44.06045 C136
G0 X2.34395 Z43.9971 C137
G0 X2.34395 Z47.1646 C138
G0 X2.34395 Z47.988150000000005 C139
G0 X2.34395 Z50.458800000000004 C140
G0 X2.34395 Z50.395450000000004 C141
G0 X2.34395 Z49.8253 C142
G0 X2.34395 Z49.50855 C143
G0 X2.34395 Z49.25515 C144
G0 X2.34395 Z47.418 C145
G0 X2.34395 Z50.332100000000004 C146
G0 X2.34395 Z45.0107 C147
G0 X2.34395 Z46.6578 C148
G0 X2.34395 Z46.024300000000004 C149
G0 X2.34395 Z42.4767 C150
G0 X2.34395 Z42.9835 C151
G0 X2.34395 Z46.151 C152
G0 X2.34395 Z49.3185 C153
G0 X2.34395 Z42.41335 C154
G0 X2.34395 Z48.241550000000004 C155
G0 X2.34395 Z45.45415 C156
G0 X2.34395 Z49.6986 C157
G0 X2.34395 Z42.92015 C158
G0 X2.34395 Z43.490300000000005 C159
G0 X2.34395 Z45.20075 C160
G0 X2.34395 Z42.79345 C161
G0 X2.34395 Z47.924800000000005 C162
G0 X2.34395 Z49.12845 C163
G0 X2.34395 Z44.44055 C164
G0 X2.34395 Z50.5855 C165
G0 X2.34395 Z48.4316 C166
G0 X2.34395 Z43.743700000000004 C167
G0 X2.4073 Z42.54005 C38
G0 X2.4073 Z47.734750000000005 C39
G0 X2.4073 Z46.151 C40
G0 X2.4073 Z43.870400000000004 C41
G0 X2.4073 Z50.52215 C42
G0 X2.4073 Z44.56725 C43
G0 X2.4073 Z43.2369 C44
G0 X2.4073 Z47.924800000000005 C45
G0 X2.4073 Z42.92015 C46
G0 X2.4073 Z47.2913 C47
G0 X2.4073 Z45.5175 C48
G0 X2.4073 Z44.06045 C49
G0 X2.4073 Z43.553650000000005 C50
G0 X2.4073 Z46.7845 C51
G0 X2.4073 Z44.884 C52
G0 X2.4073 Z47.35465 C53
G0 X2.4073 Z44.31385 C54
G0 X2.4073 Z46.4044 C55
G0 X2.4073 Z47.0379 C56
G0 X2.4073 Z49.4452 C57
G0 X2.4073 Z46.2777 C58
G0 X2.4073 Z47.10125 C59
M18
